SET session_replication_role = replica;

--
-- PostgreSQL database dump
--

-- Dumped from database version 17.4
-- Dumped by pg_dump version 17.4

SET statement_timeout = 0;
SET lock_timeout = 0;
SET idle_in_transaction_session_timeout = 0;
SET transaction_timeout = 0;
SET client_encoding = 'UTF8';
SET standard_conforming_strings = on;
SELECT pg_catalog.set_config('search_path', '', false);
SET check_function_bodies = false;
SET xmloption = content;
SET client_min_messages = warning;
SET row_security = off;

--
-- Data for Name: locations; Type: TABLE DATA; Schema: public; Owner: postgres
--

INSERT INTO "public"."locations" ("id", "name", "address", "website", "phone", "latitude", "longitude", "parent_location_id", "status", "created_at", "updated_at") VALUES
	('b6b6f32d-129f-40c2-a529-d0f43e8caa5d', 'Leavenworth Fish Hatchery', NULL, NULL, NULL, NULL, NULL, NULL, 'approved', '2025-07-16 19:30:31.54526+00', '2025-07-16 19:30:31.54526+00'),
	('17c5e1c7-378e-496f-a2fa-d33b100a461b', 'Sleeping Lady Resort', NULL, NULL, NULL, NULL, NULL, NULL, 'approved', '2025-07-16 19:30:31.643596+00', '2025-07-16 19:30:31.643596+00'),
	('17530e75-84ce-4fca-8c18-ce18515c638f', 'Icicle Brewing Taproom', NULL, NULL, NULL, NULL, NULL, NULL, 'approved', '2025-07-16 19:30:31.737217+00', '2025-07-16 19:30:31.737217+00'),
	('48070ce2-82f4-42e2-8608-64467496b3e4', 'DogHaus Brewing', NULL, NULL, NULL, NULL, NULL, NULL, 'approved', '2025-07-16 19:30:31.843191+00', '2025-07-16 19:30:31.843191+00'),
	('9c1a15f8-f4c0-43f6-87ef-9e8a94519744', 'Argonaut Coffee + Biscuits', NULL, NULL, NULL, NULL, NULL, NULL, 'approved', '2025-07-16 19:30:31.934176+00', '2025-07-16 19:30:31.934176+00'),
	('4848bf9e-0ec8-49a8-9ef9-0c7c9954e903', 'Wenatchee River Institute', NULL, NULL, NULL, NULL, NULL, NULL, 'approved', '2025-07-16 19:30:32.044839+00', '2025-07-16 19:30:32.044839+00'),
	('eb18d927-8c3e-41bd-a04a-2b748fc47588', 'Red Barn', NULL, NULL, NULL, NULL, NULL, NULL, 'approved', '2025-07-16 19:30:32.273078+00', '2025-07-16 19:30:32.273078+00'),
	('8045747c-131b-4721-94a5-9d5854c9a7f7', 'Leavenworth Adventure Park', NULL, NULL, NULL, NULL, NULL, NULL, 'approved', '2025-07-16 19:30:32.375242+00', '2025-07-16 19:30:32.375242+00'),
	('76417cbf-37fc-46fb-82f1-bde109432ec1', 'Lake Wenatchee State Park', NULL, NULL, NULL, NULL, NULL, NULL, 'approved', '2025-07-16 19:30:32.468247+00', '2025-07-16 19:30:32.468247+00'),
	('e4c3068c-6aab-42fa-9841-e779636214b4', 'Barn Beach', NULL, NULL, NULL, NULL, NULL, NULL, 'approved', '2025-07-16 19:30:32.575186+00', '2025-07-16 19:30:32.575186+00'),
	('49fc88eb-4b6c-4bd2-b968-7db6ee4967e8', 'WRI Picnic Shelter', NULL, NULL, NULL, NULL, NULL, NULL, 'approved', '2025-07-16 19:30:32.691242+00', '2025-07-16 19:30:32.691242+00'),
	('06534828-ce3b-430e-a56e-33c0ef903bf6', 'Canyon Wren Recital Hall', NULL, NULL, NULL, NULL, NULL, NULL, 'approved', '2025-07-16 19:30:32.790528+00', '2025-07-16 19:30:32.790528+00'),
	('6e0b075a-c369-477d-8804-d09f175f7f99', 'Meadow Stage', NULL, NULL, NULL, NULL, NULL, NULL, 'approved', '2025-07-16 19:30:32.883781+00', '2025-07-16 19:30:32.883781+00'),
	('6af9779b-7f34-42b7-8f7e-e17a00950c58', 'Mountain Home', '6645 Mountain Home Rd, Leavenworth, WA 98826', NULL, NULL, NULL, NULL, NULL, 'approved', '2025-07-16 19:30:32.979088+00', '2025-07-16 19:30:32.979088+00'),
	('c27489cf-109f-4143-90a8-779ecc78ff5a', 'Mountain Home Trailhead', '6645 Mountain Home Rd, Leavenworth, WA 98826', NULL, NULL, NULL, NULL, NULL, 'approved', '2025-07-16 19:30:33.081129+00', '2025-07-16 19:30:33.081129+00'),
	('ed041fcc-aff4-4a49-967f-12b219ff3d1b', 'Leavenworth Fish Hatchery Visitor Center', NULL, NULL, NULL, NULL, NULL, NULL, 'approved', '2025-07-16 19:30:33.186212+00', '2025-07-16 19:30:33.186212+00'),
	('be168a5c-b00c-4a67-9fb7-f6ae5d40d472', 'Pub @ the Club', NULL, NULL, NULL, NULL, NULL, NULL, 'approved', '2025-07-16 19:30:33.298803+00', '2025-07-16 19:30:33.298803+00'),
	('27b663e9-610e-4839-90b9-9efc76498fbc', 'Leavenworth Golf Club', NULL, NULL, NULL, NULL, NULL, NULL, 'approved', '2025-07-16 19:30:33.393913+00', '2025-07-16 19:30:33.393913+00'),
	('e9cbd039-3eab-4968-8cc1-504ba0e94bbe', 'Chumstick Grange', NULL, NULL, NULL, NULL, NULL, NULL, 'approved', '2025-07-16 19:30:33.491823+00', '2025-07-16 19:30:33.491823+00'),
	('8d30dd4b-06c0-48bc-9c31-264e0db8fad4', 'Bushel & Bee Taproom', NULL, NULL, NULL, NULL, NULL, NULL, 'approved', '2025-07-16 19:30:33.592279+00', '2025-07-16 19:30:33.592279+00'),
	('fd6afeb4-f473-49ec-b690-299aaed2e56f', 'Sleeping Lady Organic Garden', NULL, NULL, NULL, NULL, NULL, NULL, 'approved', '2025-07-16 19:30:33.688419+00', '2025-07-16 19:30:33.688419+00'),
	('d1b8adfd-5b50-4834-aea5-31d3928642e7', 'Icicle Village Resort', NULL, NULL, NULL, NULL, NULL, NULL, 'approved', '2025-07-16 19:30:33.78568+00', '2025-07-16 19:30:33.78568+00'),
	('ac195bf0-650b-4ee2-a925-27df3f1d31bc', 'Mini Golf @ Icicle Village', NULL, NULL, NULL, NULL, NULL, NULL, 'approved', '2025-07-16 19:30:33.882601+00', '2025-07-16 19:30:33.882601+00'),
	('ad12dd0c-7ba3-49ff-8591-e93ea3f117ef', 'Alpenglo Living', '617 Front Street Leavenworth, WA', 'https://alpengloliving.com/', NULL, NULL, NULL, NULL, 'approved', '2025-07-16 23:55:17.496055+00', '2025-07-16 23:55:17.496055+00'),
	('787c62d9-612a-47a7-a261-6bd6de063525', 'Derby Canyon Natives', '9750 Derby Canyon Rd, Peshastin, WA 98847', NULL, '+15092409792', NULL, NULL, NULL, 'approved', '2025-07-16 19:30:34.069229+00', '2025-07-16 19:30:34.069229+00'),
	('c7d3bc44-b620-4109-bc58-7c69f73f4a83', 'Lions Club Park', NULL, NULL, NULL, NULL, NULL, NULL, 'approved', '2025-07-16 19:30:34.161398+00', '2025-07-16 19:30:34.161398+00'),
	('e2999a87-f5dd-4cce-803e-48d6b7f8ea6c', 'Howard Hopkins Memorial Pool', NULL, NULL, NULL, NULL, NULL, NULL, 'approved', '2025-07-16 19:30:34.267405+00', '2025-07-16 19:30:34.267405+00'),
	('7e8978ef-1c70-4320-9103-17b872d3dbd5', 'Peshastin Dryden Sports Complex', NULL, NULL, NULL, NULL, NULL, NULL, 'approved', '2025-07-16 19:30:34.361352+00', '2025-07-16 19:30:34.361352+00'),
	('ac2531c9-4bcb-4daf-9fa4-7c3ed0757412', 'Camp CamRec', '18899 Little Chumstick Creek Rd, Leavenworth, WA 98826', NULL, '(509) 548-7245', NULL, NULL, NULL, 'approved', '2025-07-16 19:30:34.458023+00', '2025-07-16 19:30:34.458023+00'),
	('46beb7b8-6da4-4e5c-af41-6adc7a2eac06', 'Ski Hill', '10701 Ski Hill Dr, Leavenworth, WA 98826', NULL, NULL, NULL, NULL, NULL, 'approved', '2025-07-16 19:30:34.555592+00', '2025-07-16 19:30:34.555592+00'),
	('8d8163ad-736c-4ab9-96ef-a3d50a0e8858', 'Ski Hill Lodge', '10701 Ski Hill Dr, Leavenworth, WA 98826', NULL, NULL, NULL, NULL, NULL, 'approved', '2025-07-16 19:30:34.648329+00', '2025-07-16 19:30:34.648329+00'),
	('123d16ec-9455-4524-9fb0-8c0dea095fe8', 'Ski Hill Parking Lot', NULL, NULL, NULL, NULL, NULL, NULL, 'approved', '2025-07-16 19:30:34.756265+00', '2025-07-16 19:30:34.756265+00'),
	('d10fa912-0405-4d8d-be21-0e868874622f', 'City Hall Chambers', NULL, NULL, NULL, NULL, NULL, NULL, 'approved', '2025-07-16 19:30:34.852038+00', '2025-07-16 19:30:34.852038+00'),
	('fd5c956d-49c8-400a-affc-151fa31a4021', 'Snowy Owl Theater', NULL, NULL, NULL, NULL, NULL, NULL, 'approved', '2025-07-16 19:30:34.951702+00', '2025-07-16 19:30:34.951702+00'),
	('902ffb08-d561-4ddf-bb5f-b798aa7a66b8', 'Ski Hill Amphitheater', NULL, NULL, NULL, NULL, NULL, '46beb7b8-6da4-4e5c-af41-6adc7a2eac06', 'approved', '2025-07-24 21:47:59.626714+00', '2025-07-24 21:47:59.626714+00'),
	('3ca6bebf-33b1-4265-b280-fb6dd9ebda6a', 'Leavenworth Public Library', '700 US Hwy 2, Leavenworth, WA 98826', NULL, NULL, NULL, NULL, NULL, 'approved', '2025-07-16 19:30:35.146373+00', '2025-07-16 19:30:35.146373+00'),
	('fb5746e1-938a-429d-b18a-e73f5d00a17f', 'Icicle Creek Center for the Arts', NULL, NULL, NULL, NULL, NULL, NULL, 'approved', '2025-07-16 19:30:35.24463+00', '2025-07-16 19:30:35.24463+00'),
	('cab73fed-6718-4705-9364-f087cb523ad2', 'City Hall', '700 US Hwy 2, Leavenworth, WA 98826', NULL, NULL, NULL, NULL, NULL, 'approved', '2025-07-16 19:30:35.35613+00', '2025-07-16 19:30:35.35613+00'),
	('4964b014-8e57-4e36-92f9-52bf3b90a113', 'Memorial Park', '2 S Chelan Ave, Wenatchee, WA 98801', NULL, NULL, NULL, NULL, NULL, 'approved', '2025-07-16 19:30:35.45996+00', '2025-07-16 19:30:35.45996+00'),
	('ddcd7bab-1e9a-434c-aad3-fef9fdfb47ff', 'Colchuck Consignment', NULL, NULL, NULL, NULL, NULL, NULL, 'approved', '2025-07-16 19:30:35.559501+00', '2025-07-16 19:30:35.559501+00'),
	('5e08c24b-b8d7-4b3f-860d-8d4b067ec573', 'Alpine Lakes Elementary School', NULL, NULL, NULL, NULL, NULL, NULL, 'approved', '2025-07-16 19:30:35.651885+00', '2025-07-16 19:30:35.651885+00'),
	('490ed550-166b-41cf-9661-1ee004f463c6', 'Osborne', NULL, NULL, NULL, NULL, NULL, NULL, 'approved', '2025-07-16 19:30:35.744322+00', '2025-07-16 19:30:35.744322+00'),
	('d044a927-ec76-4a77-936a-d67b3fbdd096', 'Osborne Playground', '308 Birch St, Leavenworth, WA 98826', NULL, NULL, NULL, NULL, NULL, 'approved', '2025-07-16 19:30:35.840423+00', '2025-07-16 19:30:35.840423+00'),
	('932a9adf-5e09-4e54-ba17-8db3e70e8c5a', 'Kodiak Courts', NULL, NULL, NULL, 47.59755, -120.664341, NULL, 'approved', '2025-07-16 19:30:35.933199+00', '2025-07-16 19:30:35.933199+00'),
	('b659a8f9-000f-4228-b742-fee336566925', 'Mission Ridge Resort', NULL, 'https://www.missionridge.com/', NULL, NULL, NULL, NULL, 'pending', '2025-07-29 01:43:34.480727+00', '2025-07-29 01:43:34.480727+00'),
	('75b5bf27-67ff-45d5-9fc7-ccb50bf71e91', 'Axiom Jiu Jitsu', NULL, 'https://www.axiomjiujitsu.com/', NULL, NULL, NULL, NULL, 'approved', '2025-07-29 01:46:59.286712+00', '2025-07-29 01:46:59.286712+00'),
	('34159f97-1620-43a4-8b9e-5d7b758d1a6e', 'SPORT Gymnastics', NULL, 'https://www.sportgymnastics.com/', NULL, NULL, NULL, NULL, 'approved', '2025-07-29 01:48:53.727765+00', '2025-07-29 01:48:53.727765+00'),
	('adf9f6e3-c24e-48a8-b083-487bec6cabcb', 'Enchantment Park', NULL, NULL, NULL, NULL, NULL, NULL, 'approved', '2025-07-31 18:32:04.566116+00', '2025-07-31 18:32:04.566116+00'),
	('e422dec8-0fb6-4f16-a32d-69eb85692234', 'Kahler Glen Athletic Club', NULL, NULL, NULL, NULL, NULL, NULL, 'approved', '2025-07-31 18:33:02.865859+00', '2025-07-31 18:33:02.865859+00'),
	('f17a7b5d-0ff4-4dd5-8a9a-a4d218558c58', 'Stevens Pass', NULL, NULL, NULL, NULL, NULL, NULL, 'approved', '2025-07-31 18:33:44.99161+00', '2025-07-31 18:33:44.99161+00'),
	('e839c4fc-320d-4072-a4a4-e92d2179c779', 'Mission Ridge Resort', NULL, NULL, NULL, NULL, NULL, NULL, 'approved', '2025-07-31 18:34:25.320619+00', '2025-07-31 18:34:25.320619+00'),
	('6ec72824-a3df-47ba-b62d-34b495cf6b6d', 'Wenatchee Valley College', NULL, NULL, NULL, NULL, NULL, NULL, 'approved', '2025-08-08 15:20:57.723031+00', '2025-08-08 15:20:57.723031+00'),
	('87a882b0-5a3b-4737-86db-dbd0768a0352', 'East Leavenworth Road Boat Launch', NULL, NULL, NULL, NULL, NULL, NULL, 'pending', '2025-07-24 19:53:56.964166+00', '2025-07-24 19:53:56.964166+00'),
	('3e7f2a79-d5e8-4a0c-b155-072cf339ea13', 'Leavenworth Festhalle', NULL, NULL, NULL, NULL, NULL, NULL, 'pending', '2025-07-24 22:02:08.739639+00', '2025-07-24 22:02:08.739639+00'),
	('f1c24769-811b-4c8b-b10a-cf534361271d', 'Edelweiss Dance Acadamie', NULL, 'https://edelweissdanceacadamie.com/', NULL, NULL, NULL, NULL, 'pending', '2025-07-29 01:44:40.44716+00', '2025-07-29 01:45:10.220387+00'),
	('b3ec037f-bf19-412a-ad06-41e8b4d46fd2', 'Apple Capital Gymnastics', NULL, 'https://applecapitalgymnastics.com/', NULL, NULL, NULL, NULL, 'approved', '2025-07-29 01:47:37.073998+00', '2025-07-29 01:47:37.073998+00'),
	('351e4e9b-e104-4e2b-bfae-d4730c07d774', 'Waterfront Park', NULL, NULL, NULL, NULL, NULL, NULL, 'approved', '2025-07-31 18:32:18.269357+00', '2025-07-31 18:32:18.269357+00'),
	('b665dff5-55c7-4f79-b256-1fe4315a47ae', 'Riverfront Rock Gym', NULL, 'https://www.riverfrontrockgym.com', NULL, NULL, NULL, NULL, 'approved', '2025-07-29 01:50:23.922753+00', '2025-07-31 18:32:39.759392+00'),
	('4d76dacf-da2c-48a4-8bf0-5042796df65e', 'Leavenworth Art Haus', NULL, NULL, NULL, NULL, NULL, NULL, 'approved', '2025-07-31 18:33:24.168334+00', '2025-07-31 18:33:24.168334+00'),
	('1aa37206-85df-4760-8b06-063d3b0ac488', 'Stevens Pass Resort', NULL, NULL, NULL, NULL, NULL, 'f17a7b5d-0ff4-4dd5-8a9a-a4d218558c58', 'approved', '2025-07-31 18:34:06.522683+00', '2025-07-31 18:34:06.522683+00'),
	('61c04c52-b93b-46b5-84dc-d701bcd1a4c6', 'Plain Valley Nordic Trails', NULL, NULL, NULL, NULL, NULL, NULL, 'approved', '2025-07-31 18:34:53.990202+00', '2025-07-31 18:34:53.990202+00'),
	('1364abf8-2535-4674-b438-3066b3b7ee64', 'River House', NULL, NULL, NULL, NULL, NULL, NULL, 'approved', '2025-07-16 19:36:19.747214+00', '2025-07-16 19:36:19.747214+00');


--
-- Data for Name: organizations; Type: TABLE DATA; Schema: public; Owner: postgres
--

INSERT INTO "public"."organizations" ("id", "name", "description", "website", "phone", "email", "location_id", "parent_organization_id", "status", "created_at", "updated_at") VALUES
	('c4c20824-3a6c-43b0-bb76-1ef9db966dad', 'Cascade High School', NULL, NULL, NULL, NULL, NULL, NULL, 'approved', '2025-07-16 19:30:36.028806+00', '2025-07-16 19:30:36.028806+00'),
	('995b9cef-cbe9-41f6-a277-6cf64da9644e', 'Cascade School District', NULL, NULL, NULL, NULL, NULL, NULL, 'approved', '2025-07-16 19:30:36.131971+00', '2025-07-16 19:30:36.131971+00'),
	('f4875e7a-6e6d-4a6a-8a32-7d695d3777c9', 'Icicle River Middle School', NULL, NULL, NULL, NULL, NULL, NULL, 'approved', '2025-07-16 19:30:36.230944+00', '2025-07-16 19:30:36.230944+00'),
	('d5a944a8-fe6e-493a-a60f-c0e3f003e4da', 'Alpine Lakes Elementary School', NULL, NULL, NULL, NULL, NULL, NULL, 'approved', '2025-07-16 19:30:36.33335+00', '2025-07-16 19:30:36.33335+00'),
	('ac924947-9182-40d6-9e0b-efd321bbeeba', 'Beaver Valley Elementary', NULL, NULL, NULL, NULL, NULL, NULL, 'approved', '2025-07-16 19:30:36.430838+00', '2025-07-16 19:30:36.430838+00'),
	('fed7f331-b6e8-4677-ad00-b148a664cb3e', 'Peshastin-Dryden Elementary', NULL, NULL, NULL, NULL, NULL, NULL, 'approved', '2025-07-16 19:30:36.533946+00', '2025-07-16 19:30:36.533946+00'),
	('697dbd1c-a318-48f3-a707-7bba7a23c510', 'US Fish and Wildlife', NULL, NULL, NULL, NULL, NULL, NULL, 'approved', '2025-07-16 19:30:36.62544+00', '2025-07-16 19:30:36.62544+00'),
	('8d19ce04-7582-4615-ba7b-18a4f82a7172', 'Leavenworth National Fish Hatchery', NULL, NULL, NULL, NULL, NULL, NULL, 'approved', '2025-07-16 19:30:36.720206+00', '2025-07-16 19:30:36.720206+00'),
	('bd4b52ea-d072-473c-a7f4-e93fbb903c11', 'Wenatchee Valley Astronomy Club', NULL, NULL, NULL, NULL, NULL, NULL, 'approved', '2025-07-16 19:30:36.818566+00', '2025-07-16 19:30:36.818566+00'),
	('63499446-abe6-46ac-8c03-bf0aea6433f6', 'Icicle Village Resort', NULL, NULL, NULL, NULL, NULL, NULL, 'approved', '2025-07-16 19:30:36.920244+00', '2025-07-16 19:30:36.920244+00'),
	('618862e9-4476-4ade-8922-ff3b4c5f14db', 'Alpenglo Living', NULL, 'https://alpengloliving.com', NULL, NULL, NULL, NULL, 'approved', '2025-07-16 23:54:36.996808+00', '2025-07-16 23:56:00.072737+00'),
	('ce810fe7-57de-43b0-88b0-c579e9478fe8', 'Leavenworth Golf Club', NULL, NULL, NULL, NULL, NULL, NULL, 'approved', '2025-07-16 19:30:37.199466+00', '2025-07-16 19:30:37.199466+00'),
	('8c019c8d-b04f-42ef-be8c-3aa5ef55f838', 'Sleeping Lady Resort', NULL, NULL, NULL, NULL, NULL, NULL, 'approved', '2025-07-16 19:30:37.294709+00', '2025-07-16 19:30:37.294709+00'),
	('8f20190c-5834-4081-a0ee-0e5ffe3e7a9e', 'Bushel & Bee', NULL, NULL, NULL, NULL, NULL, NULL, 'approved', '2025-07-16 19:30:37.388726+00', '2025-07-16 19:30:37.388726+00'),
	('c6db1c36-5114-4830-97f6-fd10bfb3e4b3', 'Mountain Sprouts', NULL, NULL, NULL, NULL, NULL, NULL, 'approved', '2025-07-16 19:30:37.480932+00', '2025-07-16 19:30:37.480932+00'),
	('54fadff0-645e-4357-b867-76afb351a034', 'Steven''s Pass Alpine Club', 'Stevens Pass Alpine Club (SPAC) is a competitive alpine sports club fostering the development of alpine athletes of every age, with each athlete representing the highest level of sportsmanship, teamwork, leadership and personal responsibility.', 'https://www.spacracing.com/', NULL, NULL, NULL, NULL, 'pending', '2025-07-29 01:40:54.937016+00', '2025-07-29 01:40:54.937016+00'),
	('60d85c95-5f52-4e90-a5f3-cd71ea5088d2', 'Leavenworth Adventure Park', NULL, NULL, NULL, NULL, NULL, NULL, 'approved', '2025-07-16 19:30:37.675409+00', '2025-07-16 19:30:37.675409+00'),
	('654aff2b-15cd-48ea-9b22-6910700fd53d', 'Leavenworth Public Library', NULL, NULL, NULL, NULL, NULL, NULL, 'approved', '2025-07-16 19:30:37.781408+00', '2025-07-16 19:30:37.781408+00'),
	('2a93720c-3c9e-41e9-9866-92607d7e7f9b', 'Plain Valley Nordic', NULL, NULL, NULL, NULL, NULL, NULL, 'approved', '2025-07-16 19:30:37.877992+00', '2025-07-16 19:30:37.877992+00'),
	('d0d913fe-92fe-4838-b5da-50d5479edfee', 'North Central Washington Libraries', NULL, NULL, NULL, NULL, NULL, NULL, 'approved', '2025-07-16 19:30:37.972387+00', '2025-07-16 19:30:37.972387+00'),
	('37dba318-6060-4aee-bf22-f41583f5adef', 'Waste Loop', NULL, NULL, NULL, NULL, NULL, NULL, 'approved', '2025-07-16 19:30:38.067494+00', '2025-07-16 19:30:38.067494+00'),
	('4c8f94d6-1833-4610-a376-84bc7cb9a6c6', 'City of Leavenworth', NULL, NULL, NULL, NULL, NULL, NULL, 'approved', '2025-07-16 19:30:38.166662+00', '2025-07-16 19:30:38.166662+00'),
	('b6e824ac-b8a2-4a6d-815f-015e90998a1f', 'Mission Ridge Ski Team', NULL, 'https://www.mrst.us/', NULL, NULL, NULL, NULL, 'pending', '2025-07-29 01:42:44.665619+00', '2025-07-29 01:42:44.665619+00'),
	('34de9c94-39d8-4368-b6ba-7ceb4268b947', 'Dragon Mountain Martial Arts', NULL, 'https://edelweissdanceacadamie.com/dragon-mnt-martial-arts', NULL, NULL, 'f1c24769-811b-4c8b-b10a-cf534361271d', NULL, 'pending', '2025-07-29 01:45:53.25413+00', '2025-07-29 01:45:53.25413+00'),
	('e6cce527-08a7-4da7-a400-d6cd6e832ece', 'Apple Capital Gymnastics', NULL, 'https://applecapitalgymnastics.com/', NULL, NULL, NULL, NULL, 'approved', '2025-07-29 01:47:56.745098+00', '2025-07-29 01:47:56.745098+00'),
	('3b0c4c97-c9ef-42ec-ac36-08b4a43fc535', 'Leavenworth Soccer Club', NULL, 'https://www.leavenworthsoccerclub.org/', NULL, NULL, NULL, NULL, 'approved', '2025-07-29 01:49:31.105245+00', '2025-07-29 01:49:31.105245+00'),
	('3503dd38-1717-40f7-a6f0-70d01df74eff', 'Leavenworth Art Haus', NULL, NULL, NULL, NULL, NULL, NULL, 'approved', '2025-07-31 18:37:13.038238+00', '2025-07-31 18:37:13.038238+00'),
	('56ddf45f-86e0-4825-9c85-542fb3fa410a', 'Wenatchee Valley Lacrosse', NULL, 'https://leagues.teamlinkt.com/wenlax', NULL, NULL, NULL, NULL, 'approved', '2025-07-31 18:41:15.280164+00', '2025-07-31 18:41:15.280164+00'),
	('67a30b8c-114c-4328-b4cb-be5b99d59927', 'Icicle Bicycle Club', NULL, 'https://iciclebicycleclub.com/', NULL, NULL, NULL, NULL, 'approved', '2025-07-31 18:43:34.674206+00', '2025-07-31 18:43:34.674206+00'),
	('b1c6d032-c06d-435f-91d2-9c5c0285e920', 'North Central Washington Volleyball Club', NULL, 'https://ncwvbc.com/', NULL, NULL, NULL, NULL, 'approved', '2025-07-31 18:45:18.600801+00', '2025-07-31 18:45:18.600801+00'),
	('f0f4520b-8752-4990-a61a-2aaa3d3f70e1', 'Scouting America', NULL, NULL, NULL, NULL, NULL, NULL, 'approved', '2025-07-31 18:48:39.114437+00', '2025-07-31 18:48:39.114437+00'),
	('72e7773c-a4cd-4ad4-9e65-f976f215afba', 'Greater Leavenworth Museum', 'Preserving and promoting the heritage of the Upper Wenatchee Valley.', NULL, NULL, NULL, NULL, NULL, 'approved', '2025-07-16 19:33:48.323172+00', '2025-07-16 19:33:48.323172+00'),
	('cc1fdad6-0e8a-424a-be08-d169e1a50ab4', 'Wenatchee River Institute', NULL, NULL, NULL, NULL, NULL, NULL, 'approved', '2025-07-16 19:33:49.492703+00', '2025-07-16 19:33:49.492703+00'),
	('3e844a52-2ffb-40dc-9b1b-9665b6c937ce', 'Leavenworth Alpenhorn Association', NULL, NULL, NULL, NULL, NULL, NULL, 'approved', '2025-07-16 19:33:49.598124+00', '2025-07-16 19:33:49.598124+00'),
	('b4ffe17e-0b71-4718-a412-d5106906c84f', 'Cascade Community Markets', NULL, NULL, NULL, NULL, NULL, NULL, 'approved', '2025-07-16 19:33:49.7013+00', '2025-07-16 19:33:49.7013+00'),
	('981cb4d9-40a4-4049-a588-7a292b7cc12b', 'Wenatchee Pride', NULL, NULL, NULL, NULL, NULL, NULL, 'approved', '2025-07-16 19:33:49.795322+00', '2025-07-16 19:33:49.795322+00'),
	('a5bc78aa-6d8c-4c19-8ee6-2fd507082c03', 'Icicle Creek Center for the Arts', NULL, NULL, NULL, NULL, NULL, NULL, 'approved', '2025-07-16 19:33:49.88366+00', '2025-07-16 19:33:49.88366+00'),
	('7bc8b593-e36e-4a0c-bf49-d4528f5f8b00', 'Evergreen Mountain Biking Alilance', NULL, NULL, NULL, NULL, NULL, NULL, 'approved', '2025-07-16 19:33:49.978801+00', '2025-07-16 19:33:49.978801+00'),
	('0eaff641-bcbb-44ed-ad62-a7c705e5038b', 'Upper Valley Aquatics Boosters', NULL, NULL, NULL, NULL, NULL, NULL, 'approved', '2025-07-16 19:33:50.078423+00', '2025-07-16 19:33:50.078423+00'),
	('828bd6be-2d44-456a-aed1-0437199acd3b', 'Cascade Medical', NULL, NULL, NULL, NULL, NULL, NULL, 'approved', '2025-07-16 19:33:50.176511+00', '2025-07-16 19:33:50.176511+00'),
	('ec374569-7a4c-4fb7-9374-1abcd6bfa620', 'Leavenworth Summer Theater', NULL, 'https://leavenworthsummertheater.org/', NULL, NULL, NULL, NULL, 'approved', '2025-07-24 21:48:43.95073+00', '2025-07-24 21:48:43.95073+00'),
	('941f8707-325d-4c48-b551-432a54fc3109', 'Wenatchee Amateur Hockey Association', NULL, 'https://www.wenatcheehockey.com/', NULL, 'wenatcheehockey@gmail.com', NULL, NULL, 'pending', '2025-07-29 01:41:58.880941+00', '2025-07-29 01:41:58.880941+00'),
	('57510341-fcf1-41ec-8c3f-be0c69da77c8', 'Axiom Jiu Jitsu', '', 'https://www.axiomjiujitsu.com/', NULL, NULL, NULL, NULL, 'approved', '2025-07-29 01:46:40.968968+00', '2025-07-29 01:46:40.968968+00'),
	('cb36e70f-d569-4c08-bc25-aaaa7eb269b1', 'SPORT Gymnastics', NULL, 'https://www.sportgymnastics.com/', NULL, NULL, NULL, NULL, 'approved', '2025-07-29 01:48:36.038205+00', '2025-07-29 01:48:36.038205+00'),
	('f7bc32fd-0b6a-4216-9ca0-110bf4df7305', 'Riverfront Rock Gym', NULL, 'https://www.riverfrontrockgym.com', NULL, NULL, NULL, NULL, 'approved', '2025-07-29 01:50:09.555492+00', '2025-07-29 01:50:09.555492+00'),
	('8504e968-b452-43f0-bd8a-7df9d333c425', 'Edelweiss Dance Acadamie', NULL, 'https://edelweissdanceacadamie.com/', NULL, NULL, NULL, NULL, 'pending', '2025-07-29 01:44:56.990286+00', '2025-07-31 18:36:44.049522+00'),
	('4197f70b-3007-4f30-b6d7-578e8d869828', 'Wenatchee United SC', NULL, 'https://wenatcheeunitedsc.com/', NULL, NULL, NULL, NULL, 'approved', '2025-07-31 18:38:50.67422+00', '2025-07-31 18:38:50.67422+00'),
	('295eeac9-bb84-4780-b6f4-51d3a16c14a5', 'Greater Wenatchee Girls Softball Association', NULL, 'http://gwgsa.org/', NULL, NULL, NULL, NULL, 'approved', '2025-07-31 18:42:43.900394+00', '2025-07-31 18:42:43.900394+00'),
	('7cc83e36-6dd2-43c1-bd7e-f8dbd479c6e6', 'Cascade Youth Baseball', NULL, 'https://www.cascadeyouthbaseball.com/', NULL, NULL, NULL, NULL, 'approved', '2025-07-31 18:44:23.288277+00', '2025-07-31 18:44:23.288277+00'),
	('f8ce572a-0073-42ef-9c3a-2a916e0c3e10', 'Wenatchee Youth Basketball', NULL, NULL, NULL, NULL, NULL, NULL, 'approved', '2025-07-31 18:47:59.613131+00', '2025-07-31 18:47:59.613131+00'),
	('ce096644-bdac-4738-b798-d4cbd78d3f1f', 'Leavenworth Swim Team', NULL, NULL, NULL, NULL, NULL, NULL, 'approved', '2025-07-31 18:49:45.27666+00', '2025-07-31 18:49:45.27666+00'),
	('15c9fd15-f42f-424e-bc72-812bde573b9d', 'Wenatchee Valley Native Plant Society', NULL, 'https://www.wnps.org/wenatchee-valley', NULL, NULL, NULL, NULL, 'approved', '2025-07-16 19:36:24.707904+00', '2025-07-16 19:36:24.707904+00'),
	('2e6993f7-4dc9-458b-a81f-2f2eab6c15dd', 'Leavenworth Winter Sports Club', NULL, NULL, NULL, NULL, NULL, NULL, 'approved', '2025-07-16 19:36:24.802497+00', '2025-07-16 19:36:24.802497+00');


--
-- Data for Name: activities; Type: TABLE DATA; Schema: public; Owner: postgres
--

INSERT INTO "public"."activities" ("id", "name", "description", "sponsoring_organization_id", "website", "email", "phone", "registration_opens", "registration_closes", "registration_link", "registration_required", "min_age", "max_age", "min_grade", "max_grade", "cost", "cost_assistance_available", "cost_assistance_details", "start_datetime", "end_datetime", "rrule", "commitment_level", "location_id", "location_details", "required_gear", "gear_assistance_available", "gear_assistance_details", "transportation_provided", "transportation_details", "transportation_assistance_available", "transportation_assistance_details", "additional_requirements", "special_needs_accommodations", "special_needs_details", "max_capacity", "waitlist_available", "activity_type", "participation_type", "parent_activity_id", "status", "featured", "active", "created_at", "updated_at", "created_by", "notes", "registration_info", "is_fall", "is_winter", "is_spring", "is_summer", "is_ongoing", "season_start_month", "season_start_year", "season_end_month", "season_end_year", "activity_hierarchy_type", "waitlist_status", "audience", "skill_level", "activity_category", "session_id") VALUES
	('11682225-a284-47da-9dd2-6247f84ae55d', 'S.P.O.R.T. Gymnastics', 'Recreational and competitive gymnastics programs', 'cb36e70f-d569-4c08-bc25-aaaa7eb269b1', 'https://www.sportgymnastics.com/', 'info@sportgymnastics.com', NULL, NULL, NULL, NULL, true, 2, 18, NULL, NULL, 'Contact for details', false, NULL, NULL, NULL, NULL, NULL, NULL, NULL, NULL, false, NULL, false, NULL, false, NULL, NULL, false, NULL, NULL, false, 'Gymnastics', 'Recreational', NULL, 'approved', false, true, '2025-07-29 01:39:39.898099+00', '2025-08-01 20:32:07.266955+00', NULL, NULL, NULL, false, false, false, false, true, NULL, NULL, NULL, NULL, 'PROGRAM', NULL, 'all_ages', 'all_levels', 'other', NULL),
	('f2915f34-ac88-4e34-9d7b-263b300b45c1', 'Gridiron Flag Football', 'Leavenworth teams for ages 7-12. Flag football with games Sunday afternoons at Eastmont Jr High and practices at Peshastin field.', NULL, 'https://gridironfb.com/pages/gridiron-pnw', 'cascadeyouthfootball@gmail.com', NULL, NULL, NULL, 'https://portal.gridironfb.com/', true, 5, 17, NULL, NULL, NULL, false, NULL, NULL, NULL, NULL, NULL, NULL, NULL, 'Gridiron Uniform consisting of a jersey top and matching shorts and Flag Belt provided with registration.', false, NULL, false, NULL, false, NULL, NULL, false, NULL, NULL, false, NULL, NULL, NULL, 'approved', false, true, '2025-08-08 15:32:06.779191+00', '2025-08-08 15:37:46.953532+00', NULL, NULL, NULL, true, true, true, true, false, NULL, NULL, NULL, NULL, NULL, NULL, 'all_ages', 'all_levels', 'other', NULL),
	('fdc04f64-af3b-4952-b04b-1cf079e0e419', 'Leavenworth Soccer Club', NULL, '3b0c4c97-c9ef-42ec-ac36-08b4a43fc535', NULL, NULL, NULL, NULL, NULL, NULL, true, NULL, NULL, NULL, NULL, NULL, true, NULL, NULL, NULL, NULL, 'Varies by age.  2-4x per week.', NULL, NULL, 'Cleats and shin guards.', true, NULL, false, NULL, false, NULL, NULL, false, NULL, NULL, false, 'Soccer', 'Recreational', NULL, 'approved', false, true, '2025-07-31 20:10:47.954938+00', '2025-08-01 20:32:07.266955+00', NULL, NULL, NULL, true, false, true, false, false, NULL, NULL, NULL, NULL, 'PROGRAM', NULL, 'all_ages', 'all_levels', 'other', NULL),
	('1b643497-7ce2-4ef7-9240-c618fc6189b4', 'Cascade SD Spring School Play', 'Spring play at Cascade School District', '995b9cef-cbe9-41f6-a277-6cf64da9644e', 'https://www.cascadesd.org/', 'info@cascadesd.org', NULL, NULL, NULL, NULL, true, 5, 18, NULL, NULL, 'Contact for details', false, NULL, NULL, NULL, 'FREQ=WEEKLY;BYDAY=MO,TU,WE,TH,FR;BYHOUR=15;BYMINUTE=0', 'After-school rehearsals', NULL, NULL, NULL, false, NULL, false, NULL, false, NULL, NULL, false, NULL, NULL, false, 'Theater', 'Audition Required', NULL, 'approved', false, true, '2025-07-29 01:39:39.898099+00', '2025-08-01 20:32:07.266955+00', NULL, NULL, NULL, false, false, true, false, false, NULL, NULL, NULL, NULL, 'PROGRAM', NULL, 'all_ages', 'all_levels', 'other', NULL),
	('0668b7e7-f3cf-4174-9a99-d89923b126d8', 'Scouting America', 'Grades 6+, open to all genders (formerly Boy Scouts)', 'f0f4520b-8752-4990-a61a-2aaa3d3f70e1', 'https://www.scouting.org/', 'baballetnut@gmail.com', NULL, NULL, NULL, NULL, true, 11, 18, NULL, NULL, 'Contact for details', false, NULL, NULL, NULL, NULL, NULL, NULL, NULL, NULL, false, NULL, false, NULL, false, NULL, NULL, false, NULL, NULL, false, 'Scouting', 'Recreational', NULL, 'approved', false, true, '2025-07-29 01:39:39.898099+00', '2025-08-01 20:32:07.266955+00', NULL, NULL, NULL, false, false, false, false, true, NULL, NULL, NULL, NULL, 'PROGRAM', NULL, 'all_ages', 'all_levels', 'other', NULL),
	('df488a86-c58e-4551-b1ad-f5c2bdef3264', 'Learn to Skate: Basic Skills', 'For skaters over the age of 7 with no prior skating experience to learn forward and backward skating, stops, edges, crossovers and turns with agility, balance, coordination and speed as main focuses.', NULL, 'https://towntoyotacenter.com/weinstein-beverage-rink/learn-to-skate/', NULL, NULL, NULL, NULL, NULL, true, 7, 13, NULL, NULL, NULL, NULL, NULL, NULL, NULL, 'FREQ=WEEKLY;BYDAY=TH;BYHOUR=4;BYMINUTE=30', NULL, NULL, NULL, NULL, NULL, NULL, NULL, NULL, NULL, NULL, NULL, NULL, NULL, NULL, NULL, NULL, NULL, NULL, NULL, NULL, NULL, '2025-08-01 00:49:39.283063+00', '2025-08-01 20:32:07.266955+00', NULL, NULL, NULL, false, false, false, false, true, NULL, NULL, NULL, NULL, 'PROGRAM', NULL, 'all_ages', 'all_levels', 'other', NULL),
	('013ef661-55bd-404e-9a9b-6d584583c39b', 'Stevens Pass Alpine Club', 'Alpine racing & freeride programs', '54fadff0-645e-4357-b867-76afb351a034', 'https://www.stevenspass.com/plan-your-trip/more-options/stevens-pass-alpine-club.aspx', 'info@stevenspass.com', NULL, NULL, NULL, NULL, true, 6, 18, NULL, NULL, 'Contact for details', false, NULL, '2024-12-01 09:00:00+00', '2025-03-31 17:00:00+00', 'FREQ=WEEKLY;BYDAY=SA,SU;BYHOUR=9;BYMINUTE=0', 'Weekend training and races', NULL, NULL, NULL, false, NULL, false, NULL, false, NULL, NULL, false, NULL, NULL, false, 'Winter Sports', 'Tryouts Required', NULL, 'approved', false, true, '2025-07-29 01:39:39.898099+00', '2025-08-01 20:32:07.266955+00', NULL, NULL, NULL, false, true, false, false, false, NULL, NULL, NULL, NULL, 'PROGRAM', NULL, 'all_ages', 'all_levels', 'other', NULL),
	('0c80db32-ae16-4028-8c94-94d856ddad73', 'Leavenworth Art Haus', 'Family-friendly art studio with classes and camps', '3503dd38-1717-40f7-a6f0-70d01df74eff', 'https://www.leavenwortharthaus.com/', 'info@leavenwortharthaus.com', NULL, NULL, NULL, NULL, true, 4, 18, NULL, NULL, 'Contact for details', false, NULL, NULL, NULL, NULL, NULL, NULL, NULL, NULL, false, NULL, false, NULL, false, NULL, NULL, false, NULL, NULL, false, 'Arts', 'Recreational', NULL, 'approved', false, true, '2025-07-29 01:39:39.898099+00', '2025-08-01 20:32:07.266955+00', NULL, NULL, NULL, false, false, false, false, true, NULL, NULL, NULL, NULL, 'PROGRAM', NULL, 'all_ages', 'all_levels', 'other', NULL),
	('13ecd399-b974-4c58-b035-397c5302cebb', 'Learn to Skate: Snowplow Sam', 'For kids age 6 and younger with no prior skating experience to learn the joys of ice skating in a safe, introductory setting.', NULL, 'https://towntoyotacenter.com/weinstein-beverage-rink/learn-to-skate/', NULL, NULL, NULL, NULL, NULL, true, 0, 6, NULL, NULL, NULL, NULL, NULL, NULL, NULL, 'FREQ=WEEKLY;BYDAY=TH;BYHOUR=15;BYMINUTE=45', NULL, NULL, NULL, NULL, NULL, NULL, NULL, NULL, NULL, NULL, NULL, NULL, NULL, NULL, NULL, NULL, NULL, NULL, NULL, NULL, NULL, '2025-08-01 00:49:39.283063+00', '2025-08-01 20:32:07.266955+00', NULL, NULL, NULL, false, false, false, false, true, NULL, NULL, NULL, NULL, 'PROGRAM', NULL, 'all_ages', 'all_levels', 'other', NULL),
	('19fd2447-0223-45b9-9f5e-e19303cdc3c7', 'Wenatchee United SC', 'Competitive club soccer development program', '4197f70b-3007-4f30-b6d7-578e8d869828', 'https://wenatcheeunitedsc.com/', 'info@wenatcheeunitedsc.com', NULL, NULL, NULL, NULL, true, 8, 18, NULL, NULL, 'Contact for details', false, NULL, NULL, NULL, NULL, NULL, NULL, NULL, NULL, false, NULL, false, NULL, false, NULL, NULL, false, NULL, NULL, false, 'Sports', 'Tryouts Required', NULL, 'approved', false, true, '2025-07-29 01:39:39.898099+00', '2025-08-01 20:32:07.266955+00', NULL, NULL, NULL, false, false, false, false, true, NULL, NULL, NULL, NULL, 'PROGRAM', NULL, 'all_ages', 'all_levels', 'other', NULL),
	('35793a4d-ccab-4318-ab34-2b94767a9f23', 'Leavenworth Nordic Team', 'Cross-country skiing programs for all skill levels', '2e6993f7-4dc9-458b-a81f-2f2eab6c15dd', 'https://skileavenworth.com/teams/nordic', 'info@skileavenworth.com', NULL, NULL, NULL, NULL, true, 6, 18, NULL, NULL, 'Contact for details', false, NULL, '2024-12-01 09:00:00+00', '2025-03-31 17:00:00+00', 'FREQ=WEEKLY;BYDAY=SA,SU;BYHOUR=9;BYMINUTE=0', 'Weekend practices and races', NULL, NULL, NULL, false, NULL, false, NULL, false, NULL, NULL, false, NULL, NULL, false, 'Winter Sports', 'Recreational', NULL, 'approved', false, true, '2025-07-29 01:39:39.898099+00', '2025-08-01 20:32:07.266955+00', NULL, NULL, NULL, false, true, false, false, false, NULL, NULL, NULL, NULL, 'PROGRAM', NULL, 'all_ages', 'all_levels', 'other', NULL),
	('3b913f0e-a89d-44c4-a5a8-d585d22f84a3', 'Wenatchee Amateur Hockey', 'Youth hockey programs for various skill levels', '941f8707-325d-4c48-b551-432a54fc3109', 'https://www.wenatcheehockey.com/', 'info@wenatcheehockey.com', NULL, NULL, NULL, NULL, true, 4, 18, NULL, NULL, 'Contact for details', false, NULL, '2024-10-01 16:00:00+00', '2025-03-31 20:00:00+00', 'FREQ=WEEKLY;BYDAY=MO,WE,FR;BYHOUR=16;BYMINUTE=0', 'Multiple practices per week', NULL, NULL, NULL, false, NULL, false, NULL, false, NULL, NULL, false, NULL, NULL, false, 'Sports', 'Recreational', NULL, 'approved', false, true, '2025-07-29 01:39:39.898099+00', '2025-08-01 20:32:07.266955+00', NULL, NULL, NULL, true, true, false, false, false, NULL, NULL, NULL, NULL, 'PROGRAM', NULL, 'all_ages', 'all_levels', 'other', NULL),
	('3cdce534-f260-4d51-b115-00e87e5b4b30', 'Wenatchee Valley Lacrosse', 'Youth and high school lacrosse', '56ddf45f-86e0-4825-9c85-542fb3fa410a', 'https://leagues.teamlinkt.com/wenlax', 'info@wenlax.com', NULL, NULL, NULL, NULL, true, 8, 18, NULL, NULL, 'Contact for details', false, NULL, '2025-03-01 16:00:00+00', '2025-06-30 18:00:00+00', 'FREQ=WEEKLY;BYDAY=TU,TH;BYHOUR=16;BYMINUTE=0', 'Two practices per week, games on weekends', NULL, NULL, NULL, false, NULL, false, NULL, false, NULL, NULL, false, NULL, NULL, false, 'Sports', 'Recreational', NULL, 'approved', false, true, '2025-07-29 01:39:39.898099+00', '2025-08-01 20:32:07.266955+00', NULL, NULL, NULL, false, false, true, false, false, NULL, NULL, NULL, NULL, 'PROGRAM', NULL, 'all_ages', 'all_levels', 'other', NULL),
	('54bda557-52ac-4d07-9c52-42afd3cfc66b', 'Greater Wenatchee Girls Softball', 'Girls softball association', '295eeac9-bb84-4780-b6f4-51d3a16c14a5', 'http://gwgsa.org/', 'info@gwgsa.org', NULL, NULL, NULL, NULL, true, 6, 18, NULL, NULL, 'Contact for details', false, NULL, '2025-03-01 16:00:00+00', '2025-06-30 18:00:00+00', 'FREQ=WEEKLY;BYDAY=TU,TH;BYHOUR=16;BYMINUTE=0', 'Two practices per week, games on Saturdays', NULL, NULL, NULL, false, NULL, false, NULL, false, NULL, NULL, false, NULL, NULL, false, 'Sports', 'Recreational', NULL, 'approved', false, true, '2025-07-29 01:39:39.898099+00', '2025-08-01 20:32:07.266955+00', NULL, NULL, NULL, false, false, true, false, false, NULL, NULL, NULL, NULL, 'PROGRAM', NULL, 'all_ages', 'all_levels', 'other', NULL),
	('556b9dfb-8cca-4326-8faf-687420a82030', 'Icicle Bicycle Club Mountain Biking', 'Mountain biking programs for middle school and up', '67a30b8c-114c-4328-b4cb-be5b99d59927', 'https://iciclebicycleclub.com/', 'info@iciclebicycleclub.com', NULL, NULL, NULL, NULL, true, 11, 18, NULL, NULL, 'Contact for details', false, NULL, NULL, NULL, NULL, NULL, NULL, NULL, NULL, false, NULL, false, NULL, false, NULL, NULL, false, NULL, NULL, false, 'Cycling', 'Recreational', NULL, 'approved', false, true, '2025-07-29 01:39:39.898099+00', '2025-08-01 20:32:07.266955+00', NULL, NULL, NULL, true, false, true, false, false, NULL, NULL, NULL, NULL, 'PROGRAM', NULL, 'all_ages', 'all_levels', 'other', NULL),
	('57327193-5600-4e52-968b-c71ac463a79c', 'Cascade Youth Baseball', 'Youth baseball and softball programs', '7cc83e36-6dd2-43c1-bd7e-f8dbd479c6e6', 'https://www.cascadeyouthbaseball.com/', 'info@cascadeyouthbaseball.com', NULL, NULL, NULL, NULL, true, 4, 18, NULL, NULL, 'Contact for details', false, NULL, '2025-03-01 16:00:00+00', '2025-06-30 18:00:00+00', 'FREQ=WEEKLY;BYDAY=TU,TH;BYHOUR=16;BYMINUTE=0', 'Two practices per week, games on Saturdays', NULL, NULL, NULL, false, NULL, false, NULL, false, NULL, NULL, false, NULL, NULL, false, 'Sports', 'Recreational', NULL, 'approved', false, true, '2025-07-29 01:39:39.898099+00', '2025-08-01 20:32:07.266955+00', NULL, NULL, NULL, false, false, true, false, false, NULL, NULL, NULL, NULL, 'PROGRAM', NULL, 'all_ages', 'all_levels', 'other', NULL),
	('649b3292-b4fb-465e-83f8-c3a59dece2c9', 'Axiom Jiu-Jitsu', 'Brazilian Jiu-Jitsu youth programs', '57510341-fcf1-41ec-8c3f-be0c69da77c8', 'https://www.axiomjiujitsu.com/youth-programs', 'info@axiomjiujitsu.com', NULL, NULL, NULL, NULL, true, 8, 14, NULL, NULL, 'Contact for details', false, NULL, NULL, NULL, NULL, NULL, NULL, NULL, NULL, false, NULL, false, NULL, false, NULL, NULL, false, NULL, NULL, false, 'Martial Arts', 'Recreational', NULL, 'approved', false, true, '2025-07-29 01:39:39.898099+00', '2025-08-01 20:32:07.266955+00', NULL, NULL, NULL, false, false, false, false, true, NULL, NULL, NULL, NULL, 'PROGRAM', NULL, 'all_ages', 'all_levels', 'other', NULL),
	('6c185f80-31b7-42b0-9ebf-cdd902342b7d', 'Riverfront Rock Gym Youth Club', 'Recreational climbing club with drop-in availability', 'f7bc32fd-0b6a-4216-9ca0-110bf4df7305', 'https://www.riverfrontrockgym.com/classes-1', 'info@riverfrontrockgym.com', NULL, NULL, NULL, NULL, false, 8, 13, NULL, NULL, 'Contact for details', false, NULL, NULL, NULL, NULL, NULL, NULL, NULL, NULL, false, NULL, false, NULL, false, NULL, NULL, false, NULL, NULL, false, 'Climbing', 'Recreational', NULL, 'approved', false, true, '2025-07-29 01:39:39.898099+00', '2025-08-01 20:32:07.266955+00', NULL, NULL, NULL, false, false, false, false, true, NULL, NULL, NULL, NULL, 'PROGRAM', NULL, 'all_ages', 'all_levels', 'other', NULL),
	('6c63cc69-1331-43a4-8a0d-c4e95960b9e8', 'Apple Capital Gymnastics', 'Recreational and competitive gymnastics with co-ed preschool classes', 'e6cce527-08a7-4da7-a400-d6cd6e832ece', 'https://applecapitalgymnastics.com/', 'info@applecapitalgymnastics.com', NULL, NULL, NULL, NULL, true, 1, 18, NULL, NULL, 'Contact for details', false, NULL, NULL, NULL, NULL, NULL, NULL, NULL, NULL, false, NULL, false, NULL, false, NULL, NULL, false, NULL, NULL, false, 'Gymnastics', 'Recreational', NULL, 'approved', false, true, '2025-07-29 01:39:39.898099+00', '2025-08-01 20:32:07.266955+00', NULL, NULL, NULL, false, false, false, false, true, NULL, NULL, NULL, NULL, 'PROGRAM', NULL, 'all_ages', 'all_levels', 'other', NULL),
	('6f057202-e2b4-41ab-849a-681eb4441174', 'Leavenworth Junior Alpine Team', 'Alpine racing programs for various skill levels', '2e6993f7-4dc9-458b-a81f-2f2eab6c15dd', 'https://skileavenworth.com/teams/alpine-ski-team/junior-alpine-ski-team', 'info@skileavenworth.com', NULL, NULL, NULL, NULL, true, 6, 18, NULL, NULL, 'Contact for details', false, NULL, '2024-12-01 09:00:00+00', '2025-03-31 17:00:00+00', 'FREQ=WEEKLY;BYDAY=SA,SU;BYHOUR=9;BYMINUTE=0', 'Weekend training and races', NULL, NULL, NULL, false, NULL, false, NULL, false, NULL, NULL, false, NULL, NULL, false, 'Winter Sports', 'Recreational', NULL, 'approved', false, true, '2025-07-29 01:39:39.898099+00', '2025-08-01 20:32:07.266955+00', NULL, NULL, NULL, false, true, false, false, false, NULL, NULL, NULL, NULL, 'PROGRAM', NULL, 'all_ages', 'all_levels', 'other', NULL),
	('8ce55547-b683-4bc8-932e-755c520c2514', 'Dragon Mountain Martial Arts', 'Isshinryu Karate training for all ages', '34de9c94-39d8-4368-b6ba-7ceb4268b947', 'https://www.dragonmountainmartialarts.com/', 'info@dragonmountainmartialarts.com', NULL, NULL, NULL, NULL, true, 4, 18, NULL, NULL, 'Contact for details', false, NULL, NULL, NULL, NULL, NULL, NULL, NULL, NULL, false, NULL, false, NULL, false, NULL, NULL, false, NULL, NULL, false, 'Martial Arts', 'Recreational', NULL, 'approved', false, true, '2025-07-29 01:39:39.898099+00', '2025-08-01 20:32:07.266955+00', NULL, NULL, NULL, false, false, false, false, true, NULL, NULL, NULL, NULL, 'PROGRAM', NULL, 'all_ages', 'all_levels', 'other', NULL),
	('b38f3424-6710-4d8b-a480-142457b32813', 'Riverfront Rock Gym Climbing Team', 'Competitive climbing team', 'f7bc32fd-0b6a-4216-9ca0-110bf4df7305', 'https://www.riverfrontrockgym.com/youth-team', 'info@riverfrontrockgym.com', NULL, NULL, NULL, NULL, true, 8, 18, NULL, NULL, 'Contact for details', false, NULL, NULL, NULL, NULL, NULL, NULL, NULL, NULL, false, NULL, false, NULL, false, NULL, NULL, false, NULL, NULL, false, 'Climbing', 'Tryouts Required', NULL, 'approved', false, true, '2025-07-29 01:39:39.898099+00', '2025-08-01 20:32:07.266955+00', NULL, NULL, NULL, false, false, false, false, true, NULL, NULL, NULL, NULL, 'PROGRAM', NULL, 'all_ages', 'all_levels', 'other', NULL),
	('d3394065-b354-47c2-86d5-4e9c4646bb5d', 'Leavenworth Soccer Club Spring League', 'Recreational youth soccer league', '3b0c4c97-c9ef-42ec-ac36-08b4a43fc535', 'https://www.leavenworthsoccerclub.org/', 'info@leavenworthsoccerclub.org', NULL, NULL, NULL, NULL, true, 4, 14, NULL, NULL, 'Contact for details', false, NULL, '2025-03-01 16:00:00+00', '2025-06-30 18:00:00+00', 'FREQ=WEEKLY;BYDAY=MO,WE,FR;BYHOUR=16;BYMINUTE=0', 'Two practices per week, games on Saturdays', NULL, NULL, NULL, false, NULL, false, NULL, false, NULL, NULL, false, NULL, NULL, false, 'Sports', 'Recreational', NULL, 'approved', false, true, '2025-07-29 01:39:39.898099+00', '2025-08-01 20:32:07.266955+00', NULL, NULL, NULL, false, false, true, false, false, NULL, NULL, NULL, NULL, 'PROGRAM', NULL, 'all_ages', 'all_levels', 'other', NULL),
	('f05d882a-569b-433d-b4ba-07693c3e22bf', 'Plain Valley Nordic Team', 'Cross-country skiing programs for all skill levels', '2a93720c-3c9e-41e9-9866-92607d7e7f9b', 'https://www.skiplain.com/pvnt', 'info@skiplain.com', NULL, NULL, NULL, NULL, true, 6, 18, NULL, NULL, 'Contact for details', false, NULL, '2024-12-01 09:00:00+00', '2025-03-31 17:00:00+00', 'FREQ=WEEKLY;BYDAY=SA,SU;BYHOUR=9;BYMINUTE=0', 'Weekend practices and races', NULL, NULL, NULL, false, NULL, false, NULL, false, NULL, NULL, false, NULL, NULL, false, 'Winter Sports', 'Recreational', NULL, 'approved', false, true, '2025-07-29 01:39:39.898099+00', '2025-08-01 20:32:07.266955+00', NULL, NULL, NULL, true, true, false, true, false, NULL, NULL, NULL, NULL, 'PROGRAM', NULL, 'all_ages', 'all_levels', 'other', NULL),
	('f1deb2ed-109f-41ec-9683-4814387c33e4', 'Leavenworth Swim Team', 'Competitive summer swim team', 'ce096644-bdac-4738-b798-d4cbd78d3f1f', 'https://www.leavenworthswimteam.com/', 'info@leavenworthswimteam.com', NULL, NULL, NULL, NULL, true, 6, 18, NULL, NULL, 'Contact for details', false, NULL, '2025-06-01 08:00:00+00', '2025-08-31 18:00:00+00', 'FREQ=DAILY;BYDAY=MO,TU,WE,TH,FR;BYHOUR=8;BYMINUTE=0', 'Daily morning practices', NULL, NULL, NULL, false, NULL, false, NULL, false, NULL, NULL, false, NULL, NULL, false, 'Aquatics', 'Competitive', NULL, 'approved', false, true, '2025-07-29 01:39:39.898099+00', '2025-08-01 20:32:07.266955+00', NULL, NULL, NULL, false, false, false, true, false, NULL, NULL, NULL, NULL, 'PROGRAM', NULL, 'all_ages', 'all_levels', 'other', NULL),
	('5b2572b4-334c-4c5d-a60e-c77f30eb97f3', 'NCW Volleyball Club', 'Competitive volleyball training and teams', 'b1c6d032-c06d-435f-91d2-9c5c0285e920', 'https://ncwvbc.com/', 'info@ncwvbc.com', NULL, NULL, NULL, NULL, true, 10, 18, NULL, NULL, 'Contact for details', false, NULL, NULL, NULL, NULL, NULL, NULL, NULL, NULL, false, NULL, false, NULL, false, NULL, NULL, false, NULL, NULL, false, 'Sports', 'Competitive', NULL, 'approved', false, true, '2025-07-29 01:39:39.898099+00', '2025-08-01 20:32:07.266955+00', NULL, NULL, NULL, false, false, false, false, false, NULL, NULL, NULL, NULL, 'PROGRAM', NULL, 'all_ages', 'all_levels', 'other', NULL),
	('6403dfc4-67ae-4362-9f51-b58f6d29bc7f', 'Icicle Creek Center for the Arts', 'Music, theater, writing, and visual arts. Summer camps, workshops, and youth symphony.', 'a5bc78aa-6d8c-4c19-8ee6-2fd507082c03', 'https://icicle.org/arts-education/', 'info@icicle.org', NULL, NULL, NULL, NULL, true, 5, 18, NULL, NULL, 'Contact for details', false, NULL, NULL, NULL, NULL, NULL, NULL, NULL, NULL, false, NULL, false, NULL, false, NULL, NULL, false, NULL, NULL, false, 'Arts', 'Recreational', NULL, 'approved', false, true, '2025-07-29 01:39:39.898099+00', '2025-08-01 20:32:07.266955+00', NULL, NULL, NULL, false, false, false, false, false, NULL, NULL, NULL, NULL, 'PROGRAM', NULL, 'all_ages', 'all_levels', 'other', NULL),
	('bbc0f6ee-97fe-4420-ae44-6d1ad554f6e0', 'Wenatchee Youth Basketball', 'Youth basketball programs', 'f8ce572a-0073-42ef-9c3a-2a916e0c3e10', 'https://www.wybasketball.com/', 'info@wybasketball.com', NULL, NULL, NULL, NULL, true, 5, 14, NULL, NULL, 'Contact for details', false, NULL, NULL, NULL, NULL, NULL, NULL, NULL, NULL, false, NULL, false, NULL, false, NULL, NULL, false, NULL, NULL, false, 'Sports', 'Recreational', NULL, 'approved', false, true, '2025-07-29 01:39:39.898099+00', '2025-08-01 20:32:07.266955+00', NULL, NULL, NULL, false, false, false, false, false, NULL, NULL, NULL, NULL, 'PROGRAM', NULL, 'all_ages', 'all_levels', 'other', NULL),
	('3957b67b-cc6b-4cce-8cab-636a6328e61c', 'Learn to Skate', NULL, NULL, 'https://towntoyotacenter.com/weinstein-beverage-rink/learn-to-skate/', NULL, NULL, NULL, NULL, NULL, true, NULL, NULL, NULL, NULL, NULL, NULL, NULL, NULL, NULL, NULL, NULL, NULL, NULL, NULL, NULL, NULL, NULL, NULL, NULL, NULL, NULL, NULL, NULL, NULL, NULL, NULL, NULL, NULL, NULL, NULL, NULL, '2025-08-01 00:49:39.283063+00', '2025-08-01 20:32:07.266955+00', NULL, NULL, NULL, false, false, false, false, true, NULL, NULL, NULL, NULL, 'PROGRAM', NULL, 'all_ages', 'all_levels', 'other', NULL),
	('48e54407-9627-4baa-b907-85b3dde430b4', 'Mission Ridge Ski Team', 'Alpine racing programs', 'b6e824ac-b8a2-4a6d-815f-015e90998a1f', 'https://www.mrst.us/', 'info@skileavenworth.com', NULL, NULL, NULL, NULL, true, 6, 18, NULL, NULL, 'Contact for details', false, NULL, '2024-12-01 09:00:00+00', '2025-03-31 17:00:00+00', 'FREQ=WEEKLY;BYDAY=SA,SU;BYHOUR=9;BYMINUTE=0', 'Weekend training and races', NULL, NULL, NULL, false, NULL, false, NULL, false, NULL, NULL, false, NULL, NULL, false, 'Winter Sports', 'Competitive', NULL, 'approved', false, true, '2025-07-29 01:39:39.898099+00', '2025-08-01 20:32:07.266955+00', NULL, NULL, NULL, false, true, false, false, false, NULL, NULL, NULL, NULL, 'PROGRAM', NULL, 'all_ages', 'all_levels', 'other', NULL),
	('be6989ab-b148-48b1-b702-3ac19fdb7f28', 'Cub Scouts Pack 28', 'Grades K-5, open to all genders. Every other Thursday after school at Alpine Lakes Elementary.', 'f0f4520b-8752-4990-a61a-2aaa3d3f70e1', 'https://www.scouting.org/', 'christinabarrineau@gmail.com', NULL, NULL, NULL, NULL, true, 5, 11, NULL, NULL, 'Contact for details', false, NULL, '2024-09-01 15:30:00+00', '2025-06-30 17:00:00+00', 'FREQ=WEEKLY;INTERVAL=2;BYDAY=TH;BYHOUR=15;BYMINUTE=30', 'Every other Thursday after school', NULL, NULL, NULL, false, NULL, false, NULL, false, NULL, NULL, false, NULL, NULL, false, 'Scouting', 'Recreational', NULL, 'approved', false, true, '2025-07-29 01:39:39.898099+00', '2025-08-01 20:32:07.266955+00', NULL, NULL, NULL, false, false, false, false, true, NULL, NULL, NULL, NULL, 'PROGRAM', NULL, 'all_ages', 'all_levels', 'other', NULL),
	('f1c9e91c-f115-46aa-978b-0a13112e042b', '4-H Youth Development', 'WSU Extension programs for youth ages 5-19. Hands-on learning in agriculture, STEM, leadership, and life skills', NULL, 'https://extension.wsu.edu/chelan-douglas/youthdevelopment/', 'chelan-douglas@wsu.edu', NULL, NULL, NULL, NULL, true, 5, 19, NULL, NULL, 'Contact for details', false, NULL, NULL, NULL, NULL, NULL, NULL, NULL, NULL, false, NULL, false, NULL, false, NULL, NULL, false, NULL, NULL, false, 'Education', 'Recreational', NULL, 'approved', false, true, '2025-07-29 01:39:39.898099+00', '2025-08-01 20:32:07.266955+00', NULL, NULL, NULL, false, false, false, false, true, NULL, NULL, NULL, NULL, 'PROGRAM', NULL, 'all_ages', 'all_levels', 'other', NULL),
	('f92db9c8-ca20-42d7-a669-61ee373d4cf2', 'Edelweiss Dance Acadamie', 'Ballet, Jazz, Modern & Pointe classes. Nutcracker performance, spring recital.', '8504e968-b452-43f0-bd8a-7df9d333c425', 'https://edelweissdanceacadamie.com/', 'info@edelweissdance.com', NULL, NULL, NULL, NULL, true, 3, 18, NULL, NULL, 'Contact for details', false, NULL, '2024-09-01 15:00:00+00', '2025-06-30 17:00:00+00', 'FREQ=WEEKLY;BYDAY=MO,WE,FR;BYHOUR=15;BYMINUTE=0', 'Two to three classes per week', NULL, NULL, NULL, false, NULL, false, NULL, false, NULL, NULL, false, NULL, NULL, false, 'Dance', 'Recreational', NULL, 'approved', false, true, '2025-07-29 01:39:39.898099+00', '2025-08-01 20:32:07.266955+00', NULL, NULL, NULL, false, false, false, false, true, NULL, NULL, NULL, NULL, 'PROGRAM', NULL, 'all_ages', 'all_levels', 'other', NULL),
	('7b4a8fbb-46d2-45c8-a1c2-171412ebf08b', 'Leavenworth Soccer Club Fall League', 'Recreational youth soccer league', '3b0c4c97-c9ef-42ec-ac36-08b4a43fc535', 'https://www.leavenworthsoccerclub.org/', 'info@leavenworthsoccerclub.org', NULL, NULL, NULL, NULL, true, 4, 14, NULL, NULL, 'Contact for details', false, NULL, '2024-09-01 16:00:00+00', '2024-11-30 18:00:00+00', 'FREQ=WEEKLY;BYDAY=MO,WE,FR;BYHOUR=16;BYMINUTE=0', 'Two practices per week, games on Saturdays', NULL, NULL, NULL, false, NULL, false, NULL, false, NULL, NULL, false, NULL, NULL, false, 'Sports', 'Recreational', 'f92db9c8-ca20-42d7-a669-61ee373d4cf2', 'approved', false, true, '2025-07-29 01:39:39.898099+00', '2025-08-01 20:32:07.266955+00', NULL, NULL, NULL, true, false, false, false, false, NULL, NULL, NULL, NULL, 'SESSION', NULL, 'all_ages', 'all_levels', 'other', NULL),
	('8aab509c-2d3c-4657-90e2-687cd3d144aa', 'Stevens Pass Alpine Club - Winter 2025/26', 'Alpine racing & freeride programs', NULL, NULL, NULL, NULL, NULL, NULL, NULL, true, 6, 18, NULL, NULL, 'Contact for details', false, NULL, '2025-12-01 09:00:00+00', '2026-02-28 17:00:00+00', 'FREQ=WEEKLY;BYDAY=SA,SU;BYHOUR=9;BYMINUTE=0', 'Weekend training and races', NULL, NULL, NULL, false, NULL, false, NULL, false, NULL, NULL, false, NULL, NULL, false, 'Winter Sports', 'Tryouts Required', '013ef661-55bd-404e-9a9b-6d584583c39b', 'approved', false, true, '2025-08-01 00:49:39.283063+00', '2025-08-01 20:32:07.266955+00', NULL, 'Session for Winter 2025/26', NULL, false, true, false, false, false, NULL, NULL, NULL, NULL, 'SESSION', NULL, 'all_ages', 'all_levels', 'other', NULL),
	('2f891c8e-552c-4fa3-b417-e7367e820547', 'LWSC Koos Cruisers - 2025/26', 'Provide quality technique instruction in both classic and skate skiing, while encouraging good sports ethics, healthy competition, and the celebrating the joy of skiing. Racing is encouraged but not required.', NULL, 'https://skileavenworth.com/teams/nordic-ski-team/koos-cruisers', NULL, NULL, NULL, NULL, NULL, true, NULL, NULL, '2', '5', '$175 ', true, 'https://skileavenworth.app.neoncrm.com/np/clients/skileavenworth/survey.jsp?surveyId=1&', '2026-01-01 09:00:00+00', '2026-03-01 17:00:00+00', 'FREQ=WEEKLY;BYDAY=TU,TH;BYHOUR=15;BYMINUTE=45', 'Casual', NULL, NULL, NULL, true, NULL, false, NULL, false, NULL, NULL, false, NULL, NULL, false, 'Winter Sports', 'Recreational', '35793a4d-ccab-4318-ab34-2b94767a9f23', 'approved', false, true, '2025-08-01 00:49:39.283063+00', '2025-08-01 20:32:07.266955+00', NULL, 'Session for Winter 2025/26', NULL, false, true, false, false, false, NULL, NULL, NULL, NULL, 'SESSION', NULL, 'all_ages', 'all_levels', 'other', NULL),
	('49f45a92-7d18-4756-ba17-b6264263ad36', 'S.P.O.R.T. Gymnastics - Summer 2026', 'Recreational and competitive gymnastics programs', NULL, NULL, NULL, NULL, NULL, NULL, NULL, true, 2, 18, NULL, NULL, '$80-90/month/weekly class + $40 annual registration', true, 'We have a scholarship fund to assist children who are unable to participate in gymnastics due to financial hardship.', '2026-07-06 09:00:00+00', '2026-08-14 17:00:00+00', NULL, NULL, NULL, NULL, NULL, false, NULL, false, NULL, false, NULL, NULL, false, NULL, NULL, false, 'Gymnastics', 'Recreational', '11682225-a284-47da-9dd2-6247f84ae55d', 'approved', false, true, '2025-08-01 00:49:39.283063+00', '2025-08-01 20:32:07.266955+00', NULL, 'Session for Winter 2025/26', NULL, false, false, false, true, false, NULL, NULL, NULL, NULL, 'SESSION', NULL, 'all_ages', 'all_levels', 'other', NULL),
	('5868f101-7851-4723-9852-7c7e5a92d3fd', 'Leavenworth Nordic Team - 2025/26', 'Cross-country skiing programs for all skill levels', NULL, NULL, NULL, NULL, NULL, NULL, NULL, true, 6, 18, NULL, NULL, 'Contact for details', true, NULL, '2026-01-01 09:00:00+00', '2026-03-01 17:00:00+00', NULL, NULL, NULL, NULL, NULL, true, NULL, false, NULL, false, NULL, NULL, false, NULL, NULL, false, 'Winter Sports', 'Recreational', '35793a4d-ccab-4318-ab34-2b94767a9f23', 'approved', false, true, '2025-08-01 00:49:39.283063+00', '2025-08-01 20:32:07.266955+00', NULL, 'Session for Winter 2025/26', NULL, false, true, false, false, false, NULL, NULL, NULL, NULL, 'SESSION', NULL, 'all_ages', 'all_levels', 'other', NULL),
	('76c73655-56e6-4733-b887-5e8d09ec5c1a', 'Wenatchee United SC - 2025/26', 'Competitive club soccer development program', NULL, NULL, NULL, NULL, NULL, NULL, NULL, true, 8, 18, NULL, NULL, '$585 (less for tournament only)', true, NULL, '2025-09-01 09:00:00+00', NULL, NULL, NULL, NULL, NULL, NULL, false, NULL, false, NULL, false, NULL, 'Must qualify at tryouts the previous spring.', false, NULL, NULL, false, 'Sports', 'Tryouts Required', '19fd2447-0223-45b9-9f5e-e19303cdc3c7', 'approved', false, true, '2025-08-01 00:49:39.283063+00', '2025-08-01 20:32:07.266955+00', NULL, 'Session for Fall 2025', NULL, false, false, false, false, true, NULL, NULL, NULL, NULL, 'SESSION', NULL, 'all_ages', 'all_levels', 'other', NULL),
	('984fb5a9-6c8e-471e-b54b-bbe90b1e291d', 'LWSC Sitzmarks 2025/26', 'A playful introduction to Classic skiing.', NULL, 'https://skileavenworth.com/teams/nordic-ski-team/sitzmarks', NULL, NULL, NULL, NULL, NULL, true, NULL, NULL, 'K', '1', '$115 ', true, 'https://skileavenworth.app.neoncrm.com/np/clients/skileavenworth/survey.jsp?surveyId=1&', '2026-01-01 09:00:00+00', '2026-03-01 17:00:00+00', 'FREQ=WEEKLY;BYDAY=MO;BYHOUR=17;BYMINUTE=0', 'Casual', NULL, NULL, NULL, true, NULL, false, NULL, false, NULL, NULL, false, NULL, NULL, false, 'Winter Sports', 'Recreational', '35793a4d-ccab-4318-ab34-2b94767a9f23', 'approved', false, true, '2025-08-01 00:49:39.283063+00', '2025-08-01 20:32:07.266955+00', NULL, 'Session for Winter 2025/26', NULL, false, true, false, false, false, NULL, NULL, NULL, NULL, 'SESSION', NULL, 'all_ages', 'all_levels', 'other', NULL),
	('a128fb35-6268-448d-94a5-a55d653106f7', 'S.P.O.R.T. Gymnastics - Regular Session 2025/26', 'Recreational and competitive gymnastics programs', NULL, NULL, NULL, NULL, '2025-06-23', NULL, NULL, true, 2, 18, NULL, NULL, '$80-90/month/weekly class + $40 annual registration', true, 'We have a scholarship fund to assist children who are unable to participate in gymnastics due to financial hardship.', '2025-09-02 09:00:00+00', '2026-06-26 17:00:00+00', NULL, NULL, NULL, NULL, NULL, false, NULL, false, NULL, false, NULL, NULL, false, NULL, NULL, false, 'Gymnastics', 'Recreational', '11682225-a284-47da-9dd2-6247f84ae55d', 'approved', false, true, '2025-08-01 00:49:39.283063+00', '2025-08-01 20:32:07.266955+00', NULL, 'Session for Fall 2025', NULL, true, true, true, false, false, NULL, NULL, NULL, NULL, 'SESSION', NULL, 'all_ages', 'all_levels', 'other', NULL),
	('a38a144a-9d9d-4a0c-b1a7-7d8b9b325e40', 'LWSC Adventure Team - 2025/26', 'Provide quality skill development, leadership through mentorship, and foster a sense of exploration and environmental engagement. This structured program integrates skiing adventures with educational opportunities and volunteering. Skill building practices will be based out of Ski Hill and the Ski Team Van will allow the team to access more diverse locations with their coaches. Our Adventure Team will be focusing more on recreational skiing within our local area, rather than high level racing.', NULL, 'https://skileavenworth.com/teams/nordic-ski-team/adventure-team', NULL, NULL, NULL, NULL, NULL, true, NULL, NULL, '9', '12', '$175 ', true, 'https://skileavenworth.app.neoncrm.com/np/clients/skileavenworth/survey.jsp?surveyId=1&', '2026-01-01 09:00:00+00', '2026-03-01 17:00:00+00', 'FREQ=WEEKLY;BYDAY=TU,TH;BYHOUR=15;BYMINUTE=30', NULL, NULL, NULL, NULL, true, NULL, false, NULL, false, NULL, NULL, false, NULL, NULL, false, 'Winter Sports', 'Recreational', '35793a4d-ccab-4318-ab34-2b94767a9f23', 'approved', false, true, '2025-08-01 00:49:39.283063+00', '2025-08-01 20:32:07.266955+00', NULL, 'Session for Winter 2025/26', NULL, false, true, false, false, false, NULL, NULL, NULL, NULL, 'SESSION', NULL, 'all_ages', 'all_levels', 'other', NULL),
	('e3b18b3c-8646-460e-babb-bcfe0d1771d0', 'Cascade 2026 Spring Play', 'Spring play at Cascade School District', NULL, NULL, NULL, NULL, NULL, NULL, NULL, true, 5, 18, NULL, NULL, 'Contact for details', false, NULL, '2026-03-01 09:00:00+00', '2026-05-31 17:00:00+00', 'FREQ=WEEKLY;BYDAY=MO,TU,WE,TH,FR;BYHOUR=15;BYMINUTE=0', 'After-school rehearsals', NULL, NULL, NULL, false, NULL, false, NULL, false, NULL, NULL, false, NULL, NULL, false, 'Theater', 'Audition Required', '1b643497-7ce2-4ef7-9240-c618fc6189b4', 'approved', false, true, '2025-08-01 00:49:39.283063+00', '2025-08-01 20:32:07.266955+00', NULL, 'Session for Spring 2026', NULL, false, false, true, false, false, NULL, NULL, NULL, NULL, 'SESSION', NULL, 'all_ages', 'all_levels', 'other', NULL),
	('f46c31a6-3129-425c-a34e-afef505cdbd7', 'LWSC Devos - 2025/26', 'Provide quality technique instruction in both classic and skate skiing, while encouraging good sports ethics, healthy competition, and celebrating the joy of skiing. Racing is encouraged but not required.', NULL, 'https://skileavenworth.com/teams/nordic-ski-team/devos', NULL, NULL, NULL, NULL, NULL, true, NULL, NULL, '6', '8', '$175 ', true, 'https://skileavenworth.app.neoncrm.com/np/clients/skileavenworth/survey.jsp?surveyId=1&', '2026-01-01 09:00:00+00', '2026-03-01 17:00:00+00', 'FREQ=WEEKLY;BYDAY=TU,TH;BYHOUR=15;BYMINUTE=45', NULL, NULL, NULL, NULL, true, NULL, false, NULL, false, NULL, NULL, false, NULL, NULL, false, 'Winter Sports', 'Recreational', '35793a4d-ccab-4318-ab34-2b94767a9f23', 'approved', false, true, '2025-08-01 00:49:39.283063+00', '2025-08-01 20:32:07.266955+00', NULL, 'Session for Winter 2025/26', NULL, false, true, false, false, false, NULL, NULL, NULL, NULL, 'SESSION', NULL, 'all_ages', 'all_levels', 'other', NULL),
	('f9a23619-fec0-470c-a281-c6e5a3310b9a', 'Wenatchee Valley Lacrosse - Spring 2026', 'Youth and high school lacrosse', NULL, 'https://leagues.teamlinkt.com/wenlax', 'info@wenlax.com', NULL, NULL, NULL, NULL, true, 8, 18, NULL, NULL, 'Contact for details', false, NULL, '2026-03-01 09:00:00+00', '2026-05-31 17:00:00+00', NULL, '1-3 practices per week, games on weekends', NULL, NULL, NULL, false, NULL, false, NULL, false, NULL, NULL, false, NULL, NULL, false, 'Sports', 'Recreational', '3cdce534-f260-4d51-b115-00e87e5b4b30', 'approved', false, true, '2025-08-01 00:49:39.283063+00', '2025-08-01 20:32:07.266955+00', NULL, 'Session for Spring 2026', NULL, false, false, true, false, false, NULL, NULL, NULL, NULL, 'SESSION', NULL, 'all_ages', 'all_levels', 'other', NULL),
	('8385b163-d293-4bbd-93f7-c1c9f12fce04', 'NCW Volleyball Club - 2025/26', 'Competitive volleyball training and teams', NULL, 'https://ncwvbc.com/', 'info@ncwvbc.com', NULL, NULL, NULL, NULL, true, 10, 18, NULL, NULL, 'Contact for details', false, NULL, '2025-11-01 09:00:00+00', '2026-05-31 17:00:00+00', NULL, NULL, NULL, NULL, NULL, false, NULL, false, NULL, false, NULL, 'Tryouts for 2025/26 Season are  in November', false, NULL, NULL, false, 'Sports', 'Competitive', '5b2572b4-334c-4c5d-a60e-c77f30eb97f3', 'approved', false, true, '2025-08-01 00:49:39.283063+00', '2025-08-01 20:32:07.266955+00', NULL, 'Session for Fall 2025', NULL, false, false, false, false, false, NULL, NULL, NULL, NULL, 'SESSION', NULL, 'all_ages', 'all_levels', 'other', NULL),
	('313a8eb9-5878-4539-8b33-a259dd3d0bcf', 'Cascade Youth Baseball - Spring 2026', 'Youth baseball and softball programs', NULL, 'https://www.cascadeyouthbaseball.com/', 'info@cascadeyouthbaseball.com', NULL, NULL, NULL, NULL, true, 5, 16, NULL, NULL, 'Contact for details', false, NULL, '2026-04-01 09:00:00+00', '2026-05-31 17:00:00+00', NULL, 'Two practices per week, games on Saturdays', NULL, NULL, NULL, false, NULL, false, NULL, false, NULL, NULL, false, NULL, NULL, false, 'Sports', 'Recreational', '57327193-5600-4e52-968b-c71ac463a79c', 'approved', false, true, '2025-08-01 00:49:39.283063+00', '2025-08-01 20:32:07.266955+00', NULL, 'Session for Spring 2026', NULL, false, false, true, false, false, NULL, NULL, NULL, NULL, 'SESSION', NULL, 'all_ages', 'all_levels', 'other', NULL),
	('941af5f5-dec2-4b03-8d77-f5f35b772582', 'Icicle Bicycle Club Mountain Biking - Fall 2025', 'Mountain biking programs for middle school and up', NULL, 'https://iciclebicycleclub.com/', 'iciclebicycleclub@gmail.com.', NULL, NULL, NULL, 'https://ccnbikes.com/#!/events/icicle-bicycle-fall-2025', true, NULL, NULL, '6', '12', '$265 ', true, 'https://washingtonleague.org/financial-assistance-application/', '2025-09-01 09:00:00+00', '2025-11-30 17:00:00+00', NULL, NULL, NULL, NULL, 'Bike + Helmet', true, 'If you need help in obtaining these items, your coach may be of some assistance.', false, NULL, false, NULL, NULL, false, NULL, NULL, false, 'Cycling', 'Recreational', '556b9dfb-8cca-4326-8faf-687420a82030', 'approved', false, true, '2025-08-01 00:49:39.283063+00', '2025-08-01 20:32:07.266955+00', NULL, 'Session for Fall 2025', NULL, true, false, false, false, false, NULL, NULL, NULL, NULL, 'SESSION', NULL, 'all_ages', 'all_levels', 'other', NULL),
	('98862778-0efa-4e1b-a4b9-3ac4d84bd5f9', 'Greater Wenatchee Girls Softball - Spring 2026', 'Girls softball association. Games are usually scheduled between Monday through Thursday at 6:00 pm, occasionally spilling into Fridays. Practice times, tailored by our dedicated coaches, offer flexibility to accommodate busy schedules.', NULL, 'http://gwgsa.org/', 'GWGSAPRESIDENT@GMAIL.COM', NULL, '2026-01-01', '2026-03-05', 'http://gwgsa.org/registration-info.html', true, 4, 13, NULL, NULL, 'Contact for details', false, NULL, '2026-03-01 09:00:00+00', '2026-05-31 17:00:00+00', NULL, 'Two practices per week, games on Saturdays', NULL, NULL, NULL, false, NULL, false, NULL, false, NULL, NULL, false, NULL, NULL, false, 'Sports', 'Recreational', '54bda557-52ac-4d07-9c52-42afd3cfc66b', 'approved', false, true, '2025-08-01 00:49:39.283063+00', '2025-08-01 20:32:07.266955+00', NULL, 'Session for Spring 2026', NULL, false, false, true, false, false, NULL, NULL, NULL, NULL, 'SESSION', NULL, 'all_ages', 'all_levels', 'other', NULL),
	('e0839b3c-45a3-4163-8816-7626853e33f9', 'MRST - Winter 2025/26', 'Alpine racing programs', NULL, 'https://www.mrst.us/', NULL, NULL, '2025-10-01', NULL, 'https://www.mrst.us/page/show/5966673-registration', true, 6, 18, NULL, NULL, NULL, false, NULL, '2025-12-01 09:00:00+00', '2026-02-28 17:00:00+00', 'FREQ=WEEKLY;BYDAY=SA,SU;BYHOUR=9;BYMINUTE=0', 'Weekend training and races', NULL, NULL, NULL, false, NULL, false, NULL, false, NULL, NULL, false, NULL, NULL, false, 'Winter Sports', 'Competitive', '48e54407-9627-4baa-b907-85b3dde430b4', 'approved', false, true, '2025-08-01 00:49:39.283063+00', '2025-08-01 20:32:07.266955+00', NULL, 'Session for Winter 2025/26', NULL, false, true, false, false, false, NULL, NULL, NULL, NULL, 'SESSION', NULL, 'all_ages', 'all_levels', 'other', NULL),
	('e5f49516-cefe-4014-aed0-7acd8e1a1eba', 'Icicle Bicycle Club Mountain Biking - Spring 2026', 'Mountain biking programs for middle school and up', NULL, 'https://iciclebicycleclub.com/', 'iciclebicycleclub@gmail.com.', NULL, NULL, NULL, 'https://iciclebicycleclub.com/icicle-bicycle-club-faq/#:~:text=It%E2%80%99s%20easy.%20You%20will%20register%20through%20the%20Washington%20Student%20Cycle%20League%20and%20select%20Icicle%20Bicycle%20Club%20in%20the%20Student%20Athletes%20section.%C2%A0%20Use%20the%20code%20Icicle%231%20to%20create%20an%20account%20and%20login%20anytime%20to%20register%20for%20the%20League.%20Register%20Here.', true, NULL, NULL, '6', '12', '$265 ', true, 'https://washingtonleague.org/financial-assistance-application/', '2026-03-01 09:00:00+00', '2026-05-31 17:00:00+00', NULL, NULL, NULL, NULL, 'Bike + Helmet', true, 'If you need help in obtaining these items, your coach may be of some assistance.', false, NULL, false, NULL, NULL, false, NULL, NULL, false, 'Cycling', 'Recreational', '556b9dfb-8cca-4326-8faf-687420a82030', 'approved', false, true, '2025-08-01 00:49:39.283063+00', '2025-08-01 20:32:07.266955+00', NULL, 'Session for Spring 2026', NULL, false, false, true, false, false, NULL, NULL, NULL, NULL, 'SESSION', NULL, 'all_ages', 'all_levels', 'other', NULL),
	('edb5d2a8-8d12-4524-8b44-40136b08ced9', 'WAHA House League - Winter 2025/26', 'Youth hockey programs for various skill levels', NULL, 'https://www.wenatcheehockey.com/house', 'info@wenatcheehockey.com', NULL, NULL, NULL, NULL, true, 4, 18, NULL, NULL, 'Contact for details', false, NULL, '2025-09-01 09:00:00+00', '2025-11-30 17:00:00+00', 'FREQ=WEEKLY;BYDAY=MO,WE,FR;BYHOUR=16;BYMINUTE=0;COUNT=6', 'Multiple practices per week', NULL, NULL, NULL, false, NULL, false, NULL, false, NULL, NULL, false, NULL, NULL, false, 'Sports', 'Recreational', '3b913f0e-a89d-44c4-a5a8-d585d22f84a3', 'approved', false, true, '2025-08-01 00:49:39.283063+00', '2025-08-01 20:32:07.266955+00', NULL, 'Session for Fall 2025', NULL, false, true, false, false, false, NULL, NULL, NULL, NULL, 'SESSION', NULL, 'all_ages', 'all_levels', 'other', NULL),
	('ff124303-3c6f-4093-8691-d44f8db78a32', 'Leavenworth Junior Alpine Team - Winter 2025/26', 'Alpine racing programs for various skill levels', NULL, NULL, NULL, NULL, NULL, NULL, NULL, true, 7, 16, NULL, NULL, 'Contact for details', false, NULL, '2026-01-01 09:00:00+00', '2026-02-28 17:00:00+00', 'FREQ=WEEKLY;BYDAY=MO,WE;BYHOUR=17;BYMINUTE=30', NULL, NULL, NULL, 'Skis + Helmet', false, NULL, false, NULL, false, NULL, 'Skiiers must be able to get their gear on (clothing, gloves, helmet, boots & skis) and get to the base of the Big Tow unassisted.
Take the Big rope Tow to the very top, carrying their poles.', false, NULL, NULL, false, 'Winter Sports', 'Recreational', '6f057202-e2b4-41ab-849a-681eb4441174', 'approved', false, true, '2025-08-01 00:49:39.283063+00', '2025-08-01 20:32:07.266955+00', NULL, 'Session for Winter 2025/26', NULL, false, true, false, false, false, NULL, NULL, NULL, NULL, 'SESSION', NULL, 'all_ages', 'all_levels', 'other', NULL),
	('185b66fd-8a44-4166-b85b-2913063250e9', 'LWSC  ADT/Race - 2025/26', 'Provide quality technique instruction in both classic and skate skiing, while encouraging good sports ethics, healthy competition, and celebrating the joy of skiing. Racing is the aim.', NULL, 'https://skileavenworth.com/teams/nordic-ski-team/race-team', NULL, NULL, NULL, NULL, NULL, true, NULL, NULL, '5', '12', '$200 ', true, 'https://skileavenworth.app.neoncrm.com/np/clients/skileavenworth/survey.jsp?surveyId=1&', '2026-01-01 09:00:00+00', '2026-03-01 17:00:00+00', 'FREQ=WEEKLY;BYDAY=MO,TU,TH;BYHOUR=15;BYMINUTE=45', NULL, NULL, NULL, NULL, true, NULL, false, NULL, false, NULL, NULL, false, NULL, NULL, false, 'Winter Sports', 'Competitive', '35793a4d-ccab-4318-ab34-2b94767a9f23', 'approved', false, true, '2025-08-01 00:49:39.283063+00', '2025-08-01 20:32:07.266955+00', NULL, 'Session for Winter 2025/26', NULL, false, true, false, false, false, NULL, NULL, NULL, NULL, 'SESSION', NULL, 'all_ages', 'all_levels', 'other', NULL),
	('2247e5b3-56c7-4695-a8ba-8d339a0b3143', 'Plain Valley Nordic Team - Summer/Fall 2025', 'Year-round training program enables our skiers to be active and have fun all year long and includes both classic and skate roller skiing, with agility courses, hill bounding, trail runs and a fun camp.', NULL, 'https://www.skiplain.com/pvnt-summer', 'info@skiplain.com', NULL, NULL, NULL, NULL, true, 6, 18, NULL, NULL, '$120-300', true, NULL, '2025-12-01 09:00:00+00', '2026-02-28 17:00:00+00', NULL, 'Weekend practices and races', NULL, NULL, NULL, false, NULL, false, NULL, false, NULL, NULL, false, NULL, NULL, false, 'Winter Sports', 'Recreational', 'f05d882a-569b-433d-b4ba-07693c3e22bf', 'approved', false, true, '2025-08-01 00:49:39.283063+00', '2025-08-01 20:32:07.266955+00', NULL, 'Session for Winter 2025/26', NULL, true, false, false, true, false, NULL, NULL, NULL, NULL, 'SESSION', NULL, 'all_ages', 'all_levels', 'other', NULL),
	('5dbd2654-3998-48bb-8a7a-c3f50b574660', 'Edelweiss Dance Acadamie - 2025-26', 'Ballet, Jazz, Modern & Pointe classes. Nutcracker performance, spring recital.', NULL, NULL, NULL, NULL, NULL, NULL, NULL, true, 3, NULL, NULL, NULL, '$65/weekly class/month. Discounts for multiple classes and siblings.', false, NULL, '2025-09-01 09:00:00+00', '2026-05-30 17:00:00+00', NULL, 'Two to three classes per week', NULL, NULL, NULL, false, NULL, false, NULL, false, NULL, NULL, false, NULL, NULL, false, 'Dance', 'Recreational', 'f92db9c8-ca20-42d7-a669-61ee373d4cf2', 'approved', false, true, '2025-08-01 00:49:39.283063+00', '2025-08-01 20:32:07.266955+00', NULL, 'Session for Fall 2025', NULL, false, false, false, false, true, NULL, NULL, NULL, NULL, 'SESSION', NULL, 'all_ages', 'all_levels', 'other', NULL),
	('7bcb8ed5-37f1-4ebe-b845-73ae69ca6b98', 'WAHA Learn to Play', 'The Learn to Play Program is designed for all ages to learn basic hockey skills.  The program teaches players the basics of stick-handling, passing and shooting along with improving skating skills. The goal of Learn to Play is to develop individual hockey skills and prepare players to join a team.', NULL, 'https://www.wenatcheehockey.com/learntoplay', 'info@wenatcheehockey.com', NULL, NULL, NULL, NULL, true, 4, 18, NULL, NULL, '$125 ', false, NULL, '2026-03-01 09:00:00+00', '2026-05-31 17:00:00+00', 'FREQ=WEEKLY;BYDAY=TU;BYHOUR=17;BYMINUTE=30', 'Multiple practices per week', NULL, NULL, NULL, false, NULL, false, NULL, false, NULL, NULL, false, NULL, NULL, false, 'Sports', 'Recreational', '3b913f0e-a89d-44c4-a5a8-d585d22f84a3', 'approved', false, true, '2025-08-01 00:49:39.283063+00', '2025-08-01 20:32:07.266955+00', NULL, 'Session for Spring 2026', NULL, true, false, false, false, false, NULL, NULL, NULL, NULL, 'SESSION', NULL, 'all_ages', 'all_levels', 'other', NULL),
	('7ee5cc58-9464-474b-8b14-f09067c35ce7', 'LSC Kinder Kicks 2027', 'Kinder Kicks introduces 3 to 5 years old girls and boys to soccer in a fun-filled, engaging, and safe environment', NULL, NULL, NULL, NULL, '2025-06-01', '2025-06-30', NULL, true, 3, 5, NULL, NULL, '$50 ', true, 'https://docs.google.com/forms/d/e/1FAIpQLScsqZbiU7s40J-YtXPj9erj8NgNC6IPSL7IvffjevSzT7Psxw/viewform?usp=sf_link', '2025-08-01 09:00:00+00', '2026-08-31 17:00:00+00', 'FREQ=WEEKLY;BYDAY=SU;BYHOUR=9;BYMINUTE=0', 'Once per week , Sunday''s in August.', NULL, NULL, 'Cleats and shin guards.', true, NULL, false, NULL, false, NULL, NULL, false, NULL, NULL, false, 'Soccer', 'Recreational', 'fdc04f64-af3b-4952-b04b-1cf079e0e419', 'approved', false, true, '2025-08-01 00:49:39.283063+00', '2025-08-01 20:32:07.266955+00', NULL, 'Session for Spring 2026', NULL, false, false, false, true, false, NULL, NULL, NULL, NULL, 'SESSION', NULL, 'all_ages', 'all_levels', 'other', NULL),
	('82efa9c2-28a5-4c0d-94ab-1749fe08aaa8', 'LSC Fall 2025', NULL, NULL, NULL, NULL, NULL, '2025-05-01', '2025-06-30', NULL, true, 5, 13, NULL, NULL, NULL, true, 'https://docs.google.com/forms/d/e/1FAIpQLScsqZbiU7s40J-YtXPj9erj8NgNC6IPSL7IvffjevSzT7Psxw/viewform?usp=sf_link', '2025-09-01 09:00:00+00', '2025-11-30 17:00:00+00', NULL, 'Varies by age.  2-4x per week.', NULL, NULL, 'Cleats and shin guards.', true, NULL, false, NULL, false, NULL, NULL, false, NULL, NULL, false, 'Soccer', 'Recreational', 'fdc04f64-af3b-4952-b04b-1cf079e0e419', 'approved', false, true, '2025-08-01 00:49:39.283063+00', '2025-08-01 20:32:07.266955+00', NULL, 'Session for Fall 2025', NULL, true, false, false, false, false, NULL, NULL, NULL, NULL, 'SESSION', NULL, 'all_ages', 'all_levels', 'other', NULL),
	('b752d737-d28a-4240-872e-6e8d5b23629e', 'Leavenworth Youth Basketball - Fall 2025', 'The Leavenworth Youth Basketball League is a program open to all girls and boys in the 3rd - 6th grades.  This program gives the athlete a chance to gain valuable practice and game time experience against other local teams. ', NULL, 'https://www.leavenworthyouthbasketball.com/', 'leavenworthbasketball@gmail.com', NULL, NULL, NULL, NULL, true, NULL, NULL, '3', '6', '$75 ', false, NULL, '2025-10-15 09:00:00+00', '2025-12-07 17:00:00+00', NULL, '2X/week practices in Leavenworth; Weekend games in Eastmont', NULL, NULL, NULL, false, NULL, false, NULL, false, NULL, NULL, false, NULL, NULL, false, 'Sports', 'Recreational', 'bbc0f6ee-97fe-4420-ae44-6d1ad554f6e0', 'approved', false, true, '2025-08-01 00:49:39.283063+00', '2025-08-01 20:32:07.266955+00', NULL, 'Session for Fall 2025', NULL, false, true, false, false, false, NULL, NULL, NULL, NULL, 'SESSION', NULL, 'all_ages', 'all_levels', 'other', NULL),
	('bfcab4fc-9452-4254-b043-cc97f05f6bd5', 'Leavenworth Swim Team - Summer 2026', 'Competitive summer swim team', NULL, 'https://www.leavenworthswimteam.com/', 'leavswimteam@gmail.com', NULL, NULL, NULL, 'lst.swimtopia.com', true, 6, 18, NULL, NULL, '$100/swimmer', false, NULL, '2026-06-01 09:00:00+00', '2026-08-31 17:00:00+00', 'FREQ=DAILY;BYDAY=MO,TU,WE,TH,FR;BYHOUR=8;BYMINUTE=0', 'Daily morning practices, Thursday evening meets', NULL, NULL, 'Suit, goggles, swim cap', false, NULL, false, NULL, false, NULL, 'Swimmers need to be competent in 2 strokes of 25 yards', false, NULL, 120, true, 'Aquatics', 'Competitive', 'f1deb2ed-109f-41ec-9683-4814387c33e4', 'approved', false, true, '2025-08-01 00:49:39.283063+00', '2025-08-01 20:32:07.266955+00', NULL, 'Session for Summer 2026', NULL, false, false, false, true, false, NULL, NULL, NULL, NULL, 'SESSION', NULL, 'all_ages', 'all_levels', 'other', NULL),
	('c71d16f6-d9da-481a-b992-08b217058e5d', 'Plain Valley Nordic Team - Winter 2025/26', 'Cross-country skiing programs for all skill levels', NULL, 'https://www.skiplain.com/pvnt', 'info@skiplain.com', NULL, NULL, NULL, NULL, true, 1, 18, NULL, NULL, 'Contact for details', false, NULL, '2025-12-01 09:00:00+00', '2026-02-28 17:00:00+00', NULL, 'Weekend practices and races', NULL, NULL, NULL, false, NULL, false, NULL, false, NULL, NULL, false, NULL, NULL, false, 'Winter Sports', 'Recreational', 'f05d882a-569b-433d-b4ba-07693c3e22bf', 'approved', false, true, '2025-08-01 00:49:39.283063+00', '2025-08-01 20:32:07.266955+00', NULL, 'Session for Winter 2025/26', NULL, false, true, false, false, false, NULL, NULL, NULL, NULL, 'SESSION', NULL, 'all_ages', 'all_levels', 'other', NULL),
	('eae15fdb-970c-44f4-ae82-ea63f5f7c8cd', 'LSC Spring 2026', NULL, NULL, NULL, NULL, NULL, '2026-01-01', '2026-02-28', NULL, true, 5, 13, NULL, NULL, NULL, true, 'https://docs.google.com/forms/d/e/1FAIpQLScsqZbiU7s40J-YtXPj9erj8NgNC6IPSL7IvffjevSzT7Psxw/viewform?usp=sf_link', '2026-04-01 09:00:00+00', '2026-05-31 17:00:00+00', NULL, 'Varies by age.  2-4x per week.', NULL, NULL, 'Cleats and shin guards.', true, NULL, false, NULL, false, NULL, NULL, false, NULL, NULL, false, 'Soccer', 'Recreational', 'fdc04f64-af3b-4952-b04b-1cf079e0e419', 'approved', false, true, '2025-08-01 00:49:39.283063+00', '2025-08-01 20:32:07.266955+00', NULL, 'Session for Spring 2026', NULL, false, false, true, false, false, NULL, NULL, NULL, NULL, 'SESSION', NULL, 'all_ages', 'all_levels', 'other', NULL);


--
-- Data for Name: recurrence_patterns; Type: TABLE DATA; Schema: public; Owner: postgres
--



--
-- Data for Name: activity_events; Type: TABLE DATA; Schema: public; Owner: postgres
--



--
-- Data for Name: activity_schedule; Type: TABLE DATA; Schema: public; Owner: postgres
--



--
-- Data for Name: announcements; Type: TABLE DATA; Schema: public; Owner: postgres
--

INSERT INTO "public"."announcements" ("id", "title", "message", "link", "email", "organization_id", "author", "status", "created_at", "show_at", "expires_at", "comments") VALUES
	('ab37ff51-6c57-443f-b5a6-8e54ce6cb920', 'Icicle River Closed for Floating', 'Head down the Wenatchee instead!', NULL, NULL, NULL, NULL, 'published', '2025-07-17 00:34:00.608129+00', '2025-07-17 00:34:00.608129+00', '2025-09-14 00:33:44+00', NULL),
	('c37f4d84-df46-4f6e-838f-a38471d09092', 'Leavenworth Fund Applications due Sept 3', '$50,000 available to NGOs to benefit residents', 'https://cityofleavenworth.com/community/leavenworth-fund/', NULL, '4c8f94d6-1833-4610-a376-84bc7cb9a6c6', NULL, 'published', '2025-07-23 22:21:19.66024+00', '2025-07-23 22:21:19.66024+00', '2025-09-04 00:00:00+00', NULL),
	('97025a52-d3ba-49f4-b7db-0d4d6626bca4', 'Ski Hill Passes on Sale', 'New: Plain + Leavenworth = Valley Pass! Early-bird discount thru Oct 31st.', 'https://skileavenworth.com/tickets/season-passes', NULL, '2e6993f7-4dc9-458b-a81f-2f2eab6c15dd', NULL, 'published', '2025-08-06 21:25:35.435161+00', '2025-08-06 21:25:35.435161+00', '2025-11-01 03:53:20+00', NULL),
	('02bfbb86-aeaa-4af9-9da2-b68be07acbe9', 'How our streets can be safer for all?', 'Respond to the Safe Streets and Roads for All Safety Action Plan Survey', 'https://app.maptionnaire.com/q/leavenworth', NULL, NULL, NULL, 'published', '2025-09-02 20:09:51.49092+00', '2025-09-02 20:09:51.49092+00', '2025-10-31 20:08:47+00', NULL),
	('fbd871f0-107a-4004-8929-b68040fdde94', 'River Recreation', 'Respond to this survey to share your needs with decisionmakers', 'https://www.surveymonkey.com/r/FMC3SS5?fbclid=IwY2xjawMbCaNleHRuA2FlbQIxMABicmlkETFzS1JPeHpyMkl2SkhYd0w1AR5hVejsGqKX4Htsqn9m9ITWfyP072sn42mvNrilfJbGtCzQ6tJ4LRSS_FnZ5A_aem_rWykaVtktAythYDcRNcTZA', NULL, NULL, NULL, 'published', '2025-09-02 20:12:02.700752+00', '2025-09-02 20:12:02.700752+00', '2025-09-30 20:11:29+00', NULL);


--
-- Data for Name: announcements_staged; Type: TABLE DATA; Schema: public; Owner: postgres
--



--
-- Data for Name: calendar_exceptions; Type: TABLE DATA; Schema: public; Owner: postgres
--



--
-- Data for Name: event_exceptions; Type: TABLE DATA; Schema: public; Owner: postgres
--



--
-- Data for Name: tags; Type: TABLE DATA; Schema: public; Owner: postgres
--

INSERT INTO "public"."tags" ("id", "name", "calendar_id", "share_id", "created_at", "updated_at") VALUES
	('e46ab7a2-26d1-4038-8573-e22d32c1b799', 'Arts+Culture', 'dee97497c3ee55b8860aed776c65152207b65c823b6186bf8d578eaa7fa6ca7f', 'ZGVlOTc0OTdjM2VlNTViODg2MGFlZDc3NmM2NTE1MjIwN2I2NWM4MjNiNjE4NmJmOGQ1NzhlYWE3ZmE2Y2E3ZkBncm91cC5jYWxlbmRhci5nb29nbGUuY29t', '2025-07-16 19:30:30.743024+00', '2025-07-16 19:30:30.743024+00'),
	('4489a377-d412-4792-a028-2bab61e997e5', 'Sports', '256bd4027be7f2166562c8bf06e1e07bca864a22283e9c6692add0b251a838f6', 'MjU2YmQ0MDI3YmU3ZjIxNjY1NjJjOGJmMDZlMWUwN2JjYTg2NGEyMjI4M2U5YzY2OTJhZGQwYjI1MWE4MzhmNkBncm91cC5jYWxlbmRhci5nb29nbGUuY29t', '2025-07-16 19:30:30.858253+00', '2025-07-16 19:30:30.858253+00'),
	('a20ee91d-6c87-46c5-92b5-869c569e6012', 'Family', '450dc77747b8b43dca10ed0477e954ebc32b519f5c8d0c442e9a7476fc3663ed', 'NDUwZGM3Nzc0N2I4YjQzZGNhMTBlZDA0NzdlOTU0ZWJjMzJiNTE5ZjVjOGQwYzQ0MmU5YTc0NzZmYzM2NjNlZEBncm91cC5jYWxlbmRhci5nb29nbGUuY29t', '2025-07-16 19:30:30.952024+00', '2025-07-16 19:30:30.952024+00'),
	('b93da678-d591-4abe-ab59-f38ce470bd26', 'Town', '20c476a152fcc4210d07caa4eed509d97a637e1118dcd4987f7c494b2a1248d9', 'MjBjNDc2YTE1MmZjYzQyMTBkMDdjYWE0ZWVkNTA5ZDk3YTYzN2UxMTE4ZGNkNDk4N2Y3YzQ5NGIyYTEyNDhkOUBncm91cC5jYWxlbmRhci5nb29nbGUuY29t', '2025-07-16 19:30:31.053225+00', '2025-07-16 19:30:31.053225+00'),
	('16f2b4de-2ffd-4b1b-9b9d-ac21f298b0a5', 'Civic', 'fa2cb836cbb78ecde5a11f2cba55cca7535e48ab0145eb66918cffa94dd85ea1', 'ZmEyY2I4MzZjYmI3OGVjZGU1YTExZjJjYmE1NWNjYTc1MzVlNDhhYjAxNDVlYjY2OTE4Y2ZmYTk0ZGQ4NWVhMUBncm91cC5jYWxlbmRhci5nb29nbGUuY29t', '2025-07-16 19:30:31.147393+00', '2025-07-16 19:30:31.147393+00'),
	('4105b94f-140c-4fc1-9137-deb9e99d5376', 'Nature', '6621a5e4235b02c5c4947821b4409d100b4d364813c116196019b94035db1318', 'NjYyMWE1ZTQyMzViMDJjNWM0OTQ3ODIxYjQ0MDlkMTAwYjRkMzY0ODEzYzExNjE5NjAxOWI5NDAzNWRiMTMxOEBncm91cC5jYWxlbmRhci5nb29nbGUuY29t', '2025-07-16 19:30:31.243503+00', '2025-07-16 19:30:31.243503+00'),
	('2ba01aeb-9190-4510-8dda-ea89780e0678', 'School', NULL, NULL, '2025-07-16 19:30:31.435949+00', '2025-07-16 19:30:31.435949+00'),
	('96a5a760-6320-4254-9254-d8bfc892a001', 'Recreation', 'dc9ce1dc4b86f0619bbf2f2b965393afabd570cae50026383f5eddaa403553dc', 'ZGM5Y2UxZGM0Yjg2ZjA2MTliYmYyZjJiOTY1MzkzYWZhYmQ1NzBjYWU1MDAyNjM4M2Y1ZWRkYWE0MDM1NTNkY0Bncm91cC5jYWxlbmRhci5nb29nbGUuY29t', '2025-07-16 19:30:31.337355+00', '2025-07-24 20:54:30.959046+00'),
	('bfbbe8af-faa5-4134-961a-766a42e20a12', 'Seniors', NULL, NULL, '2025-07-24 20:55:01.093977+00', '2025-07-24 20:55:01.093977+00');


--
-- Data for Name: source_sites; Type: TABLE DATA; Schema: public; Owner: postgres
--



--
-- Data for Name: events; Type: TABLE DATA; Schema: public; Owner: postgres
--

INSERT INTO "public"."events" ("id", "title", "description", "start_date", "end_date", "start_time", "end_time", "location_id", "organization_id", "email", "website", "registration_link", "primary_tag_id", "secondary_tag_id", "image_id", "external_image_url", "featured", "parent_event_id", "exclude_from_calendar", "registration", "cost", "status", "source_id", "created_at", "updated_at", "details_outdated_checked_at", "comments", "image_alt_text") VALUES
	('2d495bbd-6691-49ff-a03a-883d1e4de929', 'Ski Hill Summer Music Series', NULL, '2025-05-07', '2025-10-29', NULL, NULL, '8d8163ad-736c-4ab9-96ef-a3d50a0e8858', '2e6993f7-4dc9-458b-a81f-2f2eab6c15dd', NULL, 'https://skileavenworth.com/events?tid=177', NULL, 'e46ab7a2-26d1-4038-8573-e22d32c1b799', 'a20ee91d-6c87-46c5-92b5-869c569e6012', NULL, NULL, false, NULL, true, false, NULL, 'approved', NULL, '2025-07-16 22:58:36.191837+00', '2025-07-16 22:58:36.191837+00', NULL, NULL, NULL),
	('38c227d0-1e7b-4f76-9149-d95f365752be', 'Erin McNamee @ Ski Hill', NULL, '2025-08-20', NULL, '18:00:00', '20:00:00', '8d8163ad-736c-4ab9-96ef-a3d50a0e8858', '2e6993f7-4dc9-458b-a81f-2f2eab6c15dd', NULL, NULL, NULL, 'e46ab7a2-26d1-4038-8573-e22d32c1b799', 'a20ee91d-6c87-46c5-92b5-869c569e6012', NULL, NULL, false, '2d495bbd-6691-49ff-a03a-883d1e4de929', false, false, NULL, 'approved', NULL, '2025-07-16 19:35:33.307178+00', '2025-07-16 22:58:51.789231+00', NULL, NULL, NULL),
	('9e66fd7c-d24d-43d2-b8d7-88e8312bb5b0', 'Friends of the Library meeting', 'Monthly meeting of the Friends of the Leavenworth Library. Interested members of the public are welcome! ', '2025-08-14', NULL, '09:00:00', '22:00:00', 'd10fa912-0405-4d8d-be21-0e868874622f', '654aff2b-15cd-48ea-9b22-6910700fd53d', NULL, 'https://ncwlibraries.libcal.com/event/14454265', NULL, '16f2b4de-2ffd-4b1b-9b9d-ac21f298b0a5', NULL, NULL, NULL, false, NULL, false, false, NULL, 'approved', NULL, '2025-07-16 23:42:52.975811+00', '2025-07-17 00:30:30.556842+00', NULL, NULL, NULL),
	('9cc0168e-156a-4ac6-b312-378170606d47', 'Paper Cup Claw', 'Kids in grades K-5 are invited for weekly summer fun at the library. This year''s theme is "Level Up at your Library," so get ready for some book-related games to boost kids'' engagement with books, along with the usual crafts and STEM activities.  \r\n\r\nChildren will be divided into two age groups for art/STEM activities. Children requiring continual one-on-one assistance should be accompanied by an adult.', '2025-07-30', NULL, '13:00:00', '15:00:00', '3ca6bebf-33b1-4265-b280-fb6dd9ebda6a', 'd0d913fe-92fe-4838-b5da-50d5479edfee', NULL, 'https://ncwlibraries.libcal.com/event/14596612', NULL, 'a20ee91d-6c87-46c5-92b5-869c569e6012', NULL, NULL, NULL, false, NULL, false, false, NULL, 'approved', NULL, '2025-07-16 19:36:29.084995+00', '2025-07-23 03:43:27.192756+00', NULL, NULL, NULL),
	('f8d6a1c0-e9ea-47c0-b5ef-a56a24620645', 'Kevin Jones Band @ Ski Hill', NULL, '2025-08-06', NULL, '18:00:00', '20:00:00', '8d8163ad-736c-4ab9-96ef-a3d50a0e8858', '2e6993f7-4dc9-458b-a81f-2f2eab6c15dd', NULL, NULL, NULL, 'e46ab7a2-26d1-4038-8573-e22d32c1b799', NULL, NULL, NULL, false, '2d495bbd-6691-49ff-a03a-883d1e4de929', false, false, NULL, 'approved', NULL, '2025-07-16 19:35:33.411091+00', '2025-07-16 22:59:51.960836+00', NULL, NULL, NULL),
	('b64bffdc-e49e-483b-a2cb-da34f1cc239c', 'Make your own Wooden Tetris blocks', 'Kids in grades K-5 are invited for weekly summer fun at the library. This year''s theme is "Level Up at your Library," so get ready for some book-related games to boost kids'' engagement with books, along with the usual crafts and STEM activities.  \r\n\r\nChildren will be divided into two age groups for art/STEM activities. Children requiring continual one-on-one assistance should be accompanied by an adult.', '2025-08-06', NULL, '13:00:00', '15:00:00', '3ca6bebf-33b1-4265-b280-fb6dd9ebda6a', 'd0d913fe-92fe-4838-b5da-50d5479edfee', NULL, 'https://ncwlibraries.libcal.com/event/14596613', NULL, 'a20ee91d-6c87-46c5-92b5-869c569e6012', NULL, NULL, NULL, false, NULL, false, false, NULL, 'approved', NULL, '2025-07-16 19:36:29.298703+00', '2025-07-23 03:43:32.220964+00', NULL, NULL, NULL),
	('45647932-c3a1-45f8-a88d-b54cf14c7686', 'Hatchery Star Party', 'Come on out and we can all enjoy the stars together in a comfortable environment.', '2025-07-24', NULL, '22:30:00', '23:30:00', 'b6b6f32d-129f-40c2-a529-d0f43e8caa5d', 'bd4b52ea-d072-473c-a7f4-e93fbb903c11', NULL, 'https://www.wenatcheevalleystars.org/events', NULL, '4105b94f-140c-4fc1-9137-deb9e99d5376', NULL, NULL, 'https://encrypted-tbn0.gstatic.com/images?q=tbn:ANd9GcTMdLriCWeJBBJua8galpDQ7Whwz7HS4FrTd_Nvar9Mjg&s&ec=72940545', false, NULL, false, false, NULL, 'approved', NULL, '2025-07-16 19:36:27.583827+00', '2025-07-16 21:23:53.556611+00', NULL, NULL, NULL),
	('8691e2fc-601b-4409-b656-af6d0339c936', 'Artemidorus: An Outdoor Pink Floyd Experience', 'Come celebrate the magic of Pink Floyd as Artemidorus brings you a full live musical and visual experience that takes you to the Dark Side of the Moonand beyond without leaving the meadow!', '2025-09-06', NULL, '19:00:00', NULL, '6e0b075a-c369-477d-8804-d09f175f7f99', 'a5bc78aa-6d8c-4c19-8ee6-2fd507082c03', NULL, 'https://icicle.my.salesforce-sites.com/ticket/#/instances/a0FPH000008hiE52AI', 'https://icicle.my.salesforce-sites.com/ticket/#/instances/a0FPH000008hiE52AI', 'e46ab7a2-26d1-4038-8573-e22d32c1b799', 'a20ee91d-6c87-46c5-92b5-869c569e6012', NULL, 'https://icicle.org/userfiles/ARTEMIDORUS.jpg', false, NULL, false, false, NULL, 'approved', NULL, '2025-07-16 19:36:28.281752+00', '2025-07-16 21:24:07.819673+00', NULL, NULL, NULL),
	('96d92dbd-4bff-4525-b4f2-3cec168ea906', 'Hatchery Star Party', 'Come on out and we can all enjoy the stars together in a comfortable environment.', '2025-08-28', NULL, '21:30:00', '22:30:00', 'b6b6f32d-129f-40c2-a529-d0f43e8caa5d', 'bd4b52ea-d072-473c-a7f4-e93fbb903c11', NULL, 'https://www.wenatcheevalleystars.org/events', NULL, '4105b94f-140c-4fc1-9137-deb9e99d5376', NULL, NULL, 'https://encrypted-tbn0.gstatic.com/images?q=tbn:ANd9GcTMdLriCWeJBBJua8galpDQ7Whwz7HS4FrTd_Nvar9Mjg&s&ec=72940545', false, NULL, false, false, NULL, 'approved', NULL, '2025-07-16 19:36:27.374681+00', '2025-07-16 21:24:13.306319+00', NULL, NULL, NULL),
	('cb07dd8a-e39b-4781-bd45-abf04f57c368', 'Kinetic Art', 'Kids in grades K-5 are invited for weekly summer fun at the library. This year''s theme is "Level Up at your Library," so get ready for some book-related games to boost kids'' engagement with books, along with the usual crafts and STEM activities.  \r\n\r\nChildren will be divided into two age groups for art/STEM activities. Children requiring continual one-on-one assistance should be accompanied by an adult.', '2025-07-16', NULL, '13:00:00', '15:00:00', '3ca6bebf-33b1-4265-b280-fb6dd9ebda6a', 'd0d913fe-92fe-4838-b5da-50d5479edfee', NULL, 'https://ncwlibraries.libcal.com/event/14596610', NULL, 'a20ee91d-6c87-46c5-92b5-869c569e6012', 'a20ee91d-6c87-46c5-92b5-869c569e6012', NULL, NULL, false, NULL, false, false, NULL, 'approved', NULL, '2025-07-16 19:36:28.991259+00', '2025-07-16 21:24:35.210011+00', NULL, NULL, NULL),
	('ce2f3c38-df8f-4be9-8cfd-6a4fcb8c68f5', 'Hatchery Star Party', 'Come on out and we can all enjoy the stars together in a comfortable environment.', '2025-10-23', NULL, '20:00:00', '21:00:00', 'b6b6f32d-129f-40c2-a529-d0f43e8caa5d', 'bd4b52ea-d072-473c-a7f4-e93fbb903c11', NULL, 'https://www.wenatcheevalleystars.org/events', NULL, '4105b94f-140c-4fc1-9137-deb9e99d5376', NULL, NULL, 'https://encrypted-tbn0.gstatic.com/images?q=tbn:ANd9GcTMdLriCWeJBBJua8galpDQ7Whwz7HS4FrTd_Nvar9Mjg&s&ec=72940545', false, NULL, false, false, NULL, 'approved', NULL, '2025-07-16 19:36:27.173729+00', '2025-07-16 21:24:41.086441+00', NULL, NULL, NULL),
	('086206dd-035f-413d-a0a8-078153281722', 'Leavenworth Marathon', NULL, '2025-10-04', NULL, NULL, NULL, NULL, NULL, NULL, 'https://www.teddriven.com/leavenworth-marathon', NULL, '4489a377-d412-4792-a028-2bab61e997e5', NULL, NULL, NULL, false, NULL, false, false, NULL, 'approved', NULL, '2025-07-16 19:36:30.17411+00', '2025-07-16 21:22:39.784628+00', NULL, NULL, NULL),
	('9cbaf14e-47d6-4f32-91fd-2c804605d3a4', 'Hatchery Star Party', 'Come on out and we can all enjoy the stars together in a comfortable environment.', '2025-09-25', NULL, '21:00:00', '22:00:00', 'b6b6f32d-129f-40c2-a529-d0f43e8caa5d', 'bd4b52ea-d072-473c-a7f4-e93fbb903c11', NULL, 'https://www.wenatcheevalleystars.org/events', NULL, '4105b94f-140c-4fc1-9137-deb9e99d5376', NULL, NULL, 'https://encrypted-tbn0.gstatic.com/images?q=tbn:ANd9GcTMdLriCWeJBBJua8galpDQ7Whwz7HS4FrTd_Nvar9Mjg&s&ec=72940545', false, NULL, false, false, NULL, 'approved', NULL, '2025-07-16 19:36:27.071757+00', '2025-07-16 21:24:16.66687+00', NULL, NULL, NULL),
	('ce6711c2-fab9-4d0a-b148-e324b5e36e34', 'Vicci Martinez', 'Join us in welcoming Vicci Martinez back to the valley! Her talents have led her on a successful artistic journey, and we are thrilled to have her join us in the meadow this summer!', '2025-08-16', NULL, '19:00:00', NULL, '6e0b075a-c369-477d-8804-d09f175f7f99', 'a5bc78aa-6d8c-4c19-8ee6-2fd507082c03', NULL, 'https://icicle.my.salesforce-sites.com/ticket/#/instances/a0FPH000008hhDB2AY', 'https://icicle.my.salesforce-sites.com/ticket/#/instances/a0FPH000008hhDB2AY', 'e46ab7a2-26d1-4038-8573-e22d32c1b799', NULL, NULL, 'https://icicle.org/userfiles/Vicci-SOC-3.jpg', false, NULL, false, false, NULL, 'approved', NULL, '2025-07-16 19:36:28.077218+00', '2025-07-16 21:24:51.216096+00', NULL, NULL, NULL),
	('d02bcf8a-d62a-4c52-9bd4-c64f7f7ceffe', 'John Reischman & The Jaybirds', 'Get ready for an evening of exceptional Bluegrass music as John Reischman and The Jaybirds take to the Meadow Stage at ICCA this summer with their signature blend of traditional bluegrass and contemporary roots', '2025-07-26', NULL, '19:00:00', NULL, '6e0b075a-c369-477d-8804-d09f175f7f99', 'a5bc78aa-6d8c-4c19-8ee6-2fd507082c03', NULL, 'https://icicle.my.salesforce-sites.com/ticket/#/instances/a0FPH000008haQD2AY', 'https://icicle.my.salesforce-sites.com/ticket/#/instances/a0FPH000008haQD2AY', 'e46ab7a2-26d1-4038-8573-e22d32c1b799', NULL, NULL, 'https://icicle.org/userfiles/JRJaybirds.jpg', false, NULL, false, false, NULL, 'approved', NULL, '2025-07-16 19:36:27.979869+00', '2025-07-16 21:25:00.099224+00', NULL, NULL, NULL),
	('dabff87e-3f2c-47e2-89be-85228d9dfc2e', 'Clinton Fearon & the Boogie Brown Band', 'Prepare to experience the Soul of Reggae with Clinton Fearon & the Boogie Brown Band Live in the Meadow. Grab your dancing shoes and get set to boogie the night away!', '2025-08-30', NULL, '19:00:00', NULL, '6e0b075a-c369-477d-8804-d09f175f7f99', 'a5bc78aa-6d8c-4c19-8ee6-2fd507082c03', NULL, 'https://icicle.my.salesforce-sites.com/ticket/#/instances/a0FPH000008hVgf2AE', 'https://icicle.my.salesforce-sites.com/ticket/#/instances/a0FPH000008hVgf2AE', 'e46ab7a2-26d1-4038-8573-e22d32c1b799', NULL, NULL, 'https://icicle.org/userfiles/CF.jpg', false, NULL, false, false, NULL, 'approved', NULL, '2025-07-16 19:36:28.18549+00', '2025-07-16 21:25:18.124569+00', NULL, NULL, NULL),
	('ebcf988e-de62-4455-8706-1199ab3a9d87', 'The Little Mermaid', 'Based on the 1989 Disney animated film, and the fairy tale by Hans Christian Andersen, a mermaid dreams of the world above the sea and gives up her voice to find true love. The magical underwater world of The Little Mermaid musical enchants audiences with beloved classics like "Part of Your World" and "Under the Sea," those timeless treasures that transport us back to our first journey beneath the waves.', '2025-08-20', NULL, '20:00:00', '22:15:00', '3e7f2a79-d5e8-4a0c-b155-072cf339ea13', 'ec374569-7a4c-4fb7-9374-1abcd6bfa620', NULL, 'https://leavenworthsummertheater.org/som', 'https://app.arts-people.com/index.php?ticketing=lvst', 'e46ab7a2-26d1-4038-8573-e22d32c1b799', NULL, NULL, 'https://images.squarespace-cdn.com/content/v1/5f6ba16e63f3867a847921d4/2159f954-4daf-4d5c-a2ef-c9adc72b9d6c/LST+Mermaid.JPG?format=750w', false, NULL, false, true, '$14-40', 'approved', NULL, '2025-07-24 22:04:02.784739+00', '2025-07-24 22:07:34.851408+00', NULL, NULL, 'Turquoise waves with the writing Disney''s The Little Mermaid'),
	('d3a05281-71bf-4cac-9418-7b24f0c790fe', 'Make a Scrabble Tile Coaster', 'Kids in grades K-5 are invited for weekly summer fun at the library. This year''s theme is "Level Up at your Library," so get ready for some book-related games to boost kids'' engagement with books, along with the usual crafts and STEM activities.  \r\n\r\nChildren will be divided into two age groups for art/STEM activities. Children requiring continual one-on-one assistance should be accompanied by an adult.', '2025-07-23', NULL, '13:00:00', '15:00:00', '3ca6bebf-33b1-4265-b280-fb6dd9ebda6a', 'd0d913fe-92fe-4838-b5da-50d5479edfee', NULL, 'https://ncwlibraries.libcal.com/event/14596611', NULL, 'a20ee91d-6c87-46c5-92b5-869c569e6012', NULL, NULL, NULL, false, NULL, false, false, NULL, 'approved', NULL, '2025-07-16 19:36:29.200238+00', '2025-07-23 03:43:36.232761+00', NULL, NULL, NULL),
	('7ec5aa56-af77-4e9d-ad7a-77cf4d8fa663', 'Leavenworth Farmer''s Market Dates', NULL, '2025-05-31', '2025-10-11', '09:00:00', '13:00:00', 'c7d3bc44-b620-4109-bc58-7c69f73f4a83', 'b4ffe17e-0b71-4718-a412-d5106906c84f', NULL, 'https://www.cascademarkets.org/leavenworth', NULL, 'b93da678-d591-4abe-ab59-f38ce470bd26', 'a20ee91d-6c87-46c5-92b5-869c569e6012', NULL, 'https://static.wixstatic.com/media/9815ff_8efdb8a1df7f4989a4ebd9f12ea350c6~mv2.jpg/v1/fill/w_1600,h_818,al_b,q_85,enc_avif,quality_auto/9815ff_8efdb8a1df7f4989a4ebd9f12ea350c6~mv2.jpg', false, NULL, true, false, NULL, 'approved', NULL, '2025-07-16 21:32:20.114596+00', '2025-07-23 21:33:06.219764+00', NULL, NULL, NULL),
	('37b3f369-b598-4506-be4e-b0f05cf1b865', 'Planning Commission', 'The Planning Commission is responsible for long-range planning.', '2025-08-06', NULL, '18:00:00', '20:00:00', 'd10fa912-0405-4d8d-be21-0e868874622f', '4c8f94d6-1833-4610-a376-84bc7cb9a6c6', NULL, 'https://cityofleavenworth.com/your-city-hall/boards-commissions/planning-commission/', NULL, '16f2b4de-2ffd-4b1b-9b9d-ac21f298b0a5', NULL, NULL, 'https://indivstock.com/static54/preview1/stock-photo-aerial-view-of-leavenworth-washington-at-sunrise-in-december-1103480.jpg', false, NULL, false, false, NULL, 'approved', NULL, '2025-07-23 21:33:24.395014+00', '2025-07-23 22:14:21.2208+00', NULL, NULL, 'Leavenworth City Hall at sunrise'),
	('d1e947d3-c624-4430-b4a0-a43b12a82dee', 'City Council Meeting', 'Biweekly City Council Meetings begin "study session" which seeks to inform Council Members and the public about various important issues with the formal meeting starting at 7:00PM', '2025-08-26', NULL, '17:30:00', '20:00:00', 'd10fa912-0405-4d8d-be21-0e868874622f', '4c8f94d6-1833-4610-a376-84bc7cb9a6c6', NULL, 'https://cityofleavenworth.com/your-city-hall/city-council/', NULL, '16f2b4de-2ffd-4b1b-9b9d-ac21f298b0a5', NULL, NULL, 'https://upload.wikimedia.org/wikipedia/commons/5/51/Leavenworth_City_Hall.JPG', false, NULL, false, false, NULL, 'approved', NULL, '2025-07-23 21:47:47.866217+00', '2025-07-23 22:14:25.087522+00', NULL, NULL, 'The Leavenworth City Hall Building with patchy snow in yard and sign in bavarian theme saying "Leavenworth, Lions Club Park"'),
	('b5d5a290-a5af-43e3-94d9-fdb7e666861f', 'Planning Commission', 'The Planning Commission is responsible for long-range planning.', '2025-09-03', NULL, '18:00:00', '20:00:00', 'd10fa912-0405-4d8d-be21-0e868874622f', '4c8f94d6-1833-4610-a376-84bc7cb9a6c6', NULL, 'https://cityofleavenworth.com/your-city-hall/boards-commissions/planning-commission/', NULL, '16f2b4de-2ffd-4b1b-9b9d-ac21f298b0a5', NULL, NULL, 'https://indivstock.com/static54/preview1/stock-photo-aerial-view-of-leavenworth-washington-at-sunrise-in-december-1103480.jpg', false, NULL, false, false, NULL, 'approved', NULL, '2025-07-23 21:33:24.395014+00', '2025-07-23 22:14:26.015574+00', NULL, NULL, 'Leavenworth City Hall at sunrise'),
	('d8ab16f0-c7d4-4eff-a4d8-6c2fc9db75dd', 'City Council Meeting', 'Biweekly City Council Meetings begin "study session" which seeks to inform Council Members and the public about various important issues with the formal meeting starting at 7:00PM', '2025-09-23', NULL, '17:30:00', '20:00:00', 'd10fa912-0405-4d8d-be21-0e868874622f', '4c8f94d6-1833-4610-a376-84bc7cb9a6c6', NULL, 'https://cityofleavenworth.com/your-city-hall/city-council/', NULL, '16f2b4de-2ffd-4b1b-9b9d-ac21f298b0a5', NULL, NULL, 'https://upload.wikimedia.org/wikipedia/commons/5/51/Leavenworth_City_Hall.JPG', false, NULL, false, false, NULL, 'approved', NULL, '2025-07-23 21:47:47.866217+00', '2025-07-23 22:14:26.967868+00', NULL, NULL, 'The Leavenworth City Hall Building with patchy snow in yard and sign in bavarian theme saying "Leavenworth, Lions Club Park"'),
	('0b074822-a8ba-4b3d-a7fa-b6e248245f94', 'Planning Commission', 'The Planning Commission is responsible for long-range planning.', '2025-12-03', NULL, '18:00:00', '20:00:00', 'd10fa912-0405-4d8d-be21-0e868874622f', '4c8f94d6-1833-4610-a376-84bc7cb9a6c6', NULL, 'https://cityofleavenworth.com/your-city-hall/boards-commissions/planning-commission/', NULL, '16f2b4de-2ffd-4b1b-9b9d-ac21f298b0a5', NULL, NULL, 'https://indivstock.com/static54/preview1/stock-photo-aerial-view-of-leavenworth-washington-at-sunrise-in-december-1103480.jpg', false, NULL, false, false, NULL, 'approved', NULL, '2025-07-23 21:33:24.395014+00', '2025-07-23 22:14:29.151897+00', NULL, NULL, 'Leavenworth City Hall at sunrise'),
	('81ccbd45-c57a-4148-8661-a3658bc73655', 'City Council Meeting', 'Biweekly City Council Meetings begin "study session" which seeks to inform Council Members and the public about various important issues with the formal meeting starting at 7:00PM', '2025-11-25', NULL, '17:30:00', '20:00:00', 'd10fa912-0405-4d8d-be21-0e868874622f', '4c8f94d6-1833-4610-a376-84bc7cb9a6c6', NULL, 'https://cityofleavenworth.com/your-city-hall/city-council/', NULL, '16f2b4de-2ffd-4b1b-9b9d-ac21f298b0a5', NULL, NULL, 'https://upload.wikimedia.org/wikipedia/commons/5/51/Leavenworth_City_Hall.JPG', false, NULL, false, false, NULL, 'approved', NULL, '2025-07-23 21:47:47.866217+00', '2025-07-23 22:14:33.246755+00', NULL, NULL, 'The Leavenworth City Hall Building with patchy snow in yard and sign in bavarian theme saying "Leavenworth, Lions Club Park"'),
	('4702744e-e7ac-42a2-9699-e00c73010f63', 'Planning Commission', 'The Planning Commission is responsible for long-range planning.', '2025-11-05', NULL, '18:00:00', '20:00:00', 'd10fa912-0405-4d8d-be21-0e868874622f', '4c8f94d6-1833-4610-a376-84bc7cb9a6c6', NULL, 'https://cityofleavenworth.com/your-city-hall/boards-commissions/planning-commission/', NULL, '16f2b4de-2ffd-4b1b-9b9d-ac21f298b0a5', NULL, NULL, 'https://indivstock.com/static54/preview1/stock-photo-aerial-view-of-leavenworth-washington-at-sunrise-in-december-1103480.jpg', false, NULL, false, false, NULL, 'approved', NULL, '2025-07-23 21:33:24.395014+00', '2025-07-23 22:14:34.173956+00', NULL, NULL, 'Leavenworth City Hall at sunrise'),
	('8dd75a81-27a0-417b-a747-4978547bc8d8', 'City Council Meeting', 'Biweekly City Council Meetings begin "study session" which seeks to inform Council Members and the public about various important issues with the formal meeting starting at 7:00PM', '2025-10-28', NULL, '17:30:00', '20:00:00', 'd10fa912-0405-4d8d-be21-0e868874622f', '4c8f94d6-1833-4610-a376-84bc7cb9a6c6', NULL, 'https://cityofleavenworth.com/your-city-hall/city-council/', NULL, '16f2b4de-2ffd-4b1b-9b9d-ac21f298b0a5', NULL, NULL, 'https://upload.wikimedia.org/wikipedia/commons/5/51/Leavenworth_City_Hall.JPG', false, NULL, false, false, NULL, 'approved', NULL, '2025-07-23 21:47:47.866217+00', '2025-07-23 22:14:34.651374+00', NULL, NULL, 'The Leavenworth City Hall Building with patchy snow in yard and sign in bavarian theme saying "Leavenworth, Lions Club Park"'),
	('5818608d-fca1-4f99-b83f-844087eedb4c', 'Planning Commission', 'The Planning Commission is responsible for long-range planning.', '2025-10-01', NULL, '18:00:00', '20:00:00', 'd10fa912-0405-4d8d-be21-0e868874622f', '4c8f94d6-1833-4610-a376-84bc7cb9a6c6', NULL, 'https://cityofleavenworth.com/your-city-hall/boards-commissions/planning-commission/', NULL, '16f2b4de-2ffd-4b1b-9b9d-ac21f298b0a5', NULL, NULL, 'https://indivstock.com/static54/preview1/stock-photo-aerial-view-of-leavenworth-washington-at-sunrise-in-december-1103480.jpg', false, NULL, false, false, NULL, 'approved', NULL, '2025-07-23 21:33:24.395014+00', '2025-07-23 22:14:38.278415+00', NULL, NULL, 'Leavenworth City Hall at sunrise'),
	('4189bead-93db-4939-93d7-b739ddc2be1f', 'Planning Commission', 'The Planning Commission is responsible for long-range planning.', '2026-01-07', NULL, '18:00:00', '20:00:00', 'd10fa912-0405-4d8d-be21-0e868874622f', '4c8f94d6-1833-4610-a376-84bc7cb9a6c6', NULL, 'https://cityofleavenworth.com/your-city-hall/boards-commissions/planning-commission/', NULL, '16f2b4de-2ffd-4b1b-9b9d-ac21f298b0a5', NULL, NULL, 'https://indivstock.com/static54/preview1/stock-photo-aerial-view-of-leavenworth-washington-at-sunrise-in-december-1103480.jpg', false, NULL, false, false, NULL, 'approved', NULL, '2025-07-23 21:33:24.395014+00', '2025-07-23 22:14:43.842633+00', NULL, NULL, 'Leavenworth City Hall at sunrise'),
	('6a081c27-b1e2-4961-a3d1-33183899370a', 'Leavenworth Farmer''s Market', NULL, '2025-08-16', NULL, '09:00:00', '13:00:00', 'c7d3bc44-b620-4109-bc58-7c69f73f4a83', 'b4ffe17e-0b71-4718-a412-d5106906c84f', NULL, NULL, NULL, 'b93da678-d591-4abe-ab59-f38ce470bd26', 'a20ee91d-6c87-46c5-92b5-869c569e6012', NULL, 'https://static.wixstatic.com/media/9815ff_8efdb8a1df7f4989a4ebd9f12ea350c6~mv2.jpg/v1/fill/w_1600,h_818,al_b,q_85,enc_avif,quality_auto/9815ff_8efdb8a1df7f4989a4ebd9f12ea350c6~mv2.jpg', false, '7ec5aa56-af77-4e9d-ad7a-77cf4d8fa663', true, false, NULL, 'approved', NULL, '2025-07-16 22:53:34.443167+00', '2025-07-16 23:06:21.345109+00', NULL, NULL, NULL),
	('a37180b1-0b63-41df-b0d8-6a887a751c2c', 'Summer Story Time', 'Babies, toddlers, preschoolers and older siblings are invited for a mixed-ages story time focusing on pre- and emerging-literacy through books, music, movement, games, and crafts.', '2025-07-29', NULL, '11:00:00', '12:00:00', '3ca6bebf-33b1-4265-b280-fb6dd9ebda6a', 'd0d913fe-92fe-4838-b5da-50d5479edfee', NULL, 'https://ncwlibraries.libcal.com/event/14596521', NULL, 'a20ee91d-6c87-46c5-92b5-869c569e6012', NULL, NULL, 'https://www.ncwlibraries.org/wp-content/uploads/leavenworth-02-2020-3.jpg', false, NULL, false, false, NULL, 'approved', NULL, '2025-07-16 23:26:44.921607+00', '2025-07-24 22:28:39.511559+00', NULL, NULL, 'Leavenworth City Hall, a beige stucco building with Bavarian design accents.'),
	('7aa82977-3a13-495e-ab5a-7f2d81351726', 'Summer Story Time', 'Babies, toddlers, preschoolers and older siblings are invited for a mixed-ages story time focusing on pre- and emerging-literacy through books, music, movement, games, and crafts.', '2025-07-22', NULL, '11:00:00', '12:00:00', '3ca6bebf-33b1-4265-b280-fb6dd9ebda6a', 'd0d913fe-92fe-4838-b5da-50d5479edfee', NULL, 'https://ncwlibraries.libcal.com/event/14596520?hs=a', NULL, 'a20ee91d-6c87-46c5-92b5-869c569e6012', NULL, NULL, 'https://www.ncwlibraries.org/wp-content/uploads/leavenworth-02-2020-3.jpg', false, NULL, false, false, NULL, 'approved', NULL, '2025-07-16 23:25:13.336084+00', '2025-07-24 22:28:41.198319+00', NULL, NULL, 'Leavenworth City Hall, a beige stucco building with Bavarian design accents.'),
	('356c90bc-88f4-446d-9c27-65aec36e62d5', 'Summer Splash Bash', 'A day of fun, connection, and sun-soaked excitement.

  Enjoy free food and snacks
 Dive into games and activities for all ages
 Learn about your local pool and how to stay safe while swimming
 Connect with friends, families, and local leaders', '2025-08-23', NULL, '13:00:00', '18:00:00', 'e2999a87-f5dd-4cce-803e-48d6b7f8ea6c', '0eaff641-bcbb-44ed-ad62-a7c705e5038b', NULL, 'https://www.uvaboosters.com/events', NULL, 'a20ee91d-6c87-46c5-92b5-869c569e6012', '4489a377-d412-4792-a028-2bab61e997e5', NULL, 'https://storage.googleapis.com/der-town-media/images/2025summersplashbash.jpg', true, NULL, false, false, 'Free for PSRA Residents', 'archived', NULL, '2025-07-23 17:14:16.130774+00', '2025-08-19 14:19:39.991935+00', NULL, NULL, NULL),
	('11e3328c-bbb8-4bec-93a4-86cb0a6c7676', 'Design Review Board', 'The Design Review Board reviews and approves design applications for various elements, including: commercial buildings, signage, fences, + lighting to ensure compliance with the city''s Old World Bavarian Theme ordinance and maintain the cohesive visual identity of Der Town.', '2025-09-10', NULL, '15:00:00', '17:00:00', 'd10fa912-0405-4d8d-be21-0e868874622f', '4c8f94d6-1833-4610-a376-84bc7cb9a6c6', NULL, 'https://cityofleavenworth.com/your-city-hall/boards-commissions/design-review-board/', NULL, '16f2b4de-2ffd-4b1b-9b9d-ac21f298b0a5', NULL, NULL, 'https://cityofleavenworth.com/cdn-cgi/image/width%3D1024%2Cheight%3D1024%2Cfit%3Dcrop%2Cquality%3D80%2Cformat%3Dauto%2Conerror%3Dredirect%2Cmetadata%3Dnone/wp-content/uploads/2021/10/IMG_7600.jpg', false, NULL, false, false, NULL, 'approved', NULL, '2025-07-23 21:43:28.508567+00', '2025-07-23 22:14:26.530086+00', NULL, NULL, 'Watercolor-styled image of a three-story building with a Bavarian theme and flower boxes'),
	('03b4f942-2a70-46c4-a018-6c04f6d2079f', 'Design Review Board', 'The Design Review Board reviews and approves design applications for various elements, including: commercial buildings, signage, fences, + lighting to ensure compliance with the city''s Old World Bavarian Theme ordinance and maintain the cohesive visual identity of Der Town.', '2025-12-10', NULL, '15:00:00', '17:00:00', 'd10fa912-0405-4d8d-be21-0e868874622f', '4c8f94d6-1833-4610-a376-84bc7cb9a6c6', NULL, 'https://cityofleavenworth.com/your-city-hall/boards-commissions/design-review-board/', NULL, '16f2b4de-2ffd-4b1b-9b9d-ac21f298b0a5', NULL, NULL, 'https://cityofleavenworth.com/cdn-cgi/image/width%3D1024%2Cheight%3D1024%2Cfit%3Dcrop%2Cquality%3D80%2Cformat%3Dauto%2Conerror%3Dredirect%2Cmetadata%3Dnone/wp-content/uploads/2021/10/IMG_7600.jpg', false, NULL, false, false, NULL, 'approved', NULL, '2025-07-23 21:43:28.508567+00', '2025-07-23 22:14:32.779478+00', NULL, NULL, 'Watercolor-styled image of a three-story building with a Bavarian theme and flower boxes'),
	('9fe3528d-14fa-4d55-98fb-8269b692531a', 'Design Review Board', 'The Design Review Board reviews and approves design applications for various elements, including: commercial buildings, signage, fences, + lighting to ensure compliance with the city''s Old World Bavarian Theme ordinance and maintain the cohesive visual identity of Der Town.', '2025-11-12', NULL, '15:00:00', '17:00:00', 'd10fa912-0405-4d8d-be21-0e868874622f', '4c8f94d6-1833-4610-a376-84bc7cb9a6c6', NULL, 'https://cityofleavenworth.com/your-city-hall/boards-commissions/design-review-board/', NULL, '16f2b4de-2ffd-4b1b-9b9d-ac21f298b0a5', NULL, NULL, 'https://cityofleavenworth.com/cdn-cgi/image/width%3D1024%2Cheight%3D1024%2Cfit%3Dcrop%2Cquality%3D80%2Cformat%3Dauto%2Conerror%3Dredirect%2Cmetadata%3Dnone/wp-content/uploads/2021/10/IMG_7600.jpg', false, NULL, false, false, NULL, 'approved', NULL, '2025-07-23 21:43:28.508567+00', '2025-07-23 22:14:33.722853+00', NULL, NULL, 'Watercolor-styled image of a three-story building with a Bavarian theme and flower boxes'),
	('cc34f9c1-bed6-43af-87cb-c33d4aca5dfc', 'Design Review Board', 'The Design Review Board reviews and approves design applications for various elements, including: commercial buildings, signage, fences, + lighting to ensure compliance with the city''s Old World Bavarian Theme ordinance and maintain the cohesive visual identity of Der Town.', '2025-10-08', NULL, '15:00:00', '17:00:00', 'd10fa912-0405-4d8d-be21-0e868874622f', '4c8f94d6-1833-4610-a376-84bc7cb9a6c6', NULL, 'https://cityofleavenworth.com/your-city-hall/boards-commissions/design-review-board/', NULL, '16f2b4de-2ffd-4b1b-9b9d-ac21f298b0a5', NULL, NULL, 'https://cityofleavenworth.com/cdn-cgi/image/width%3D1024%2Cheight%3D1024%2Cfit%3Dcrop%2Cquality%3D80%2Cformat%3Dauto%2Conerror%3Dredirect%2Cmetadata%3Dnone/wp-content/uploads/2021/10/IMG_7600.jpg', false, NULL, false, false, NULL, 'approved', NULL, '2025-07-23 21:43:28.508567+00', '2025-07-23 22:14:37.940211+00', NULL, NULL, 'Watercolor-styled image of a three-story building with a Bavarian theme and flower boxes'),
	('0c236f8b-e725-46ee-99de-babfa4897fca', 'Alpenglo Garden Club', 'Pruning, trellising and training techniques.', '2025-07-07', NULL, '17:00:00', '18:00:00', 'ad12dd0c-7ba3-49ff-8591-e93ea3f117ef', '618862e9-4476-4ade-8922-ff3b4c5f14db', NULL, 'https://alpengloliving.com/pages/workshops', NULL, '4105b94f-140c-4fc1-9137-deb9e99d5376', 'b93da678-d591-4abe-ab59-f38ce470bd26', NULL, 'https://cdn.shopify.com/s/files/1/0597/7764/6663/files/Screenshot_2025-06-18_at_3.16.04_PM.png?v=1750284980', false, '6fb3a9a0-55b6-44b8-991f-f363a143d31e', false, false, NULL, 'approved', NULL, '2025-07-17 00:10:29.560064+00', '2025-07-24 22:31:05.279896+00', NULL, NULL, 'small wooden greenhouse with picked flowers stacked outside'),
	('17413a60-92d4-43d4-a1a7-9e39fc66f3de', 'Band Eddy @ Ski Hill', 'Band Eddy is a five piece band featuring five of your favorite local musicians: Sergio, Seth, Rib, Trevor, and Aaron.', '2025-07-16', NULL, '19:00:00', '21:00:00', '8d8163ad-736c-4ab9-96ef-a3d50a0e8858', '2e6993f7-4dc9-458b-a81f-2f2eab6c15dd', NULL, 'https://skileavenworth.com/events/band-eddy-0', NULL, 'e46ab7a2-26d1-4038-8573-e22d32c1b799', 'a20ee91d-6c87-46c5-92b5-869c569e6012', NULL, 'https://skileavenworth.com/sites/default/files/styles/sub_page_banner_1199px_max/public/2025-03/Lodge%20Bikes%20Spring%202MB.jpg', false, '2d495bbd-6691-49ff-a03a-883d1e4de929', false, false, 'Free', 'approved', NULL, '2025-07-16 21:04:46.902883+00', '2025-07-16 22:59:20.54674+00', NULL, NULL, NULL),
	('24b72f7a-5729-465f-bbad-536a5732133d', 'Yotes @ Ski Hill', 'Yotes combines his rich baritone vocals with an energetic delivery, playing a mix of songs from 1950s country, 1980s neo rockabilly, modern Americana, and many genres and eras in between. He mixes songs by Johnny Cash, The Stray Cats, The Blasters, and Murder By Death with his own compositions. Old favorites are interspersed with some of his favorite songs by friends and up-and-coming artists hes met through the years.', '2025-07-23', NULL, '19:00:00', '21:00:00', '8d8163ad-736c-4ab9-96ef-a3d50a0e8858', '2e6993f7-4dc9-458b-a81f-2f2eab6c15dd', NULL, NULL, NULL, 'e46ab7a2-26d1-4038-8573-e22d32c1b799', 'a20ee91d-6c87-46c5-92b5-869c569e6012', NULL, NULL, false, '2d495bbd-6691-49ff-a03a-883d1e4de929', false, false, NULL, 'approved', NULL, '2025-07-16 19:35:33.188864+00', '2025-07-16 22:59:25.865338+00', NULL, NULL, NULL),
	('a0ffc4e7-4dd4-476f-adc9-77ec83f2b3e6', 'Storytime at The Farmers Market', 'Meet you at the Farmer''s Market! Come join us for stories, songs, and general summertime fun for babies, toddlers, and preschoolers. Bring your own blanket or just find a patch of grass in the shade. You''re sure to run in to some friends!', '2025-08-02', NULL, '11:00:00', '11:30:00', 'c7d3bc44-b620-4109-bc58-7c69f73f4a83', 'd0d913fe-92fe-4838-b5da-50d5479edfee', NULL, 'https://ncwlibraries.libcal.com/event/14759027', '', 'a20ee91d-6c87-46c5-92b5-869c569e6012', NULL, NULL, NULL, false, NULL, false, false, NULL, 'approved', NULL, '2025-07-16 23:29:15.017398+00', '2025-07-16 23:29:15.017398+00', NULL, NULL, NULL),
	('65fe95a5-af50-4d55-a5fb-cb1e94099323', 'Storytime at the Farmer''s Market', 'Meet you at the Farmer''s Market! Come join us for stories, songs, and general summertime fun for babies, toddlers, and preschoolers. Bring your own blanket or just find a patch of grass in the shade. You''re sure to run in to some friends!', '2025-09-06', NULL, '11:00:00', '11:30:00', 'c7d3bc44-b620-4109-bc58-7c69f73f4a83', '654aff2b-15cd-48ea-9b22-6910700fd53d', NULL, 'https://ncwlibraries.libcal.com/event/14759028', NULL, 'a20ee91d-6c87-46c5-92b5-869c569e6012', NULL, NULL, NULL, false, NULL, false, false, NULL, 'approved', NULL, '2025-07-16 23:32:54.167758+00', '2025-07-16 23:32:54.167758+00', NULL, NULL, NULL),
	('7b932dba-160a-48bc-8056-f90f2725fdba', 'The Welter Brothers', 'Acoustic folk music that draws influence from Bluegrass, Old-Time, Celtic, Blues, Jazz, and the great singer-songwriters of the 1960s and 70s.', '2025-07-30', NULL, '19:00:00', '21:00:00', '8d8163ad-736c-4ab9-96ef-a3d50a0e8858', '2e6993f7-4dc9-458b-a81f-2f2eab6c15dd', NULL, 'https://skileavenworth.com/events/welter-brothers-0', NULL, 'e46ab7a2-26d1-4038-8573-e22d32c1b799', 'a20ee91d-6c87-46c5-92b5-869c569e6012', NULL, 'https://skileavenworth.com/sites/default/files/inline-images/corban_0.jpg', false, NULL, false, false, NULL, 'approved', NULL, '2025-07-16 23:14:17.219447+00', '2025-07-16 23:40:41.667993+00', NULL, NULL, NULL),
	('3050b1fb-38c9-4005-a0b5-f902f6c10eee', 'The Sound of Music', 'The beloved musical story of Maria and the von Trapp Family never fails to enchant audiences at our unforgettable Ski Hill Amphitheater. All your favorite songs and characters make this a perfect event for the whole family.', '2025-08-02', NULL, '20:00:00', '22:30:00', '902ffb08-d561-4ddf-bb5f-b798aa7a66b8', 'ec374569-7a4c-4fb7-9374-1abcd6bfa620', NULL, 'https://leavenworthsummertheater.org/som', 'https://app.arts-people.com/index.php?actions=7&p=3', 'e46ab7a2-26d1-4038-8573-e22d32c1b799', NULL, NULL, 'https://images.squarespace-cdn.com/content/v1/5f6ba16e63f3867a847921d4/6db702cf-e954-4dc8-8623-4418847a5c88/image_6487327.JPG?format=750w', false, NULL, false, true, '$14-40', 'approved', NULL, '2025-07-24 21:57:16.837346+00', '2025-07-24 22:08:27.2311+00', NULL, NULL, 'Green mountain with white text that says the sound of music'),
	('534133e5-46bc-4919-a251-752636ec73b0', 'Storytime at the Farmer''s Market', 'Meet you at the Farmer''s Market! Come join us for stories, songs, and general summertime fun for babies, toddlers, and preschoolers. Bring your own blanket or just find a patch of grass in the shade. You''re sure to run in to some friends!', '2025-10-04', NULL, '11:00:00', '11:30:00', 'c7d3bc44-b620-4109-bc58-7c69f73f4a83', '654aff2b-15cd-48ea-9b22-6910700fd53d', NULL, 'https://ncwlibraries.libcal.com/event/14759029', NULL, 'a20ee91d-6c87-46c5-92b5-869c569e6012', NULL, NULL, NULL, false, NULL, false, false, NULL, 'approved', NULL, '2025-07-16 23:36:13.712809+00', '2025-07-16 23:36:13.712809+00', NULL, NULL, NULL),
	('27cc4fc4-24c6-471f-bf39-ffa6bc5ea7b2', 'RPG Day', 'Come celebrate the magic of Role-Playing Games! This is an all-day event featuring games, crafts, and activities. During the day, drop in and do one of our RPG-themed crafts including dice rolling trays, map making, and miniature painting. ', '2025-07-19', NULL, NULL, NULL, '3ca6bebf-33b1-4265-b280-fb6dd9ebda6a', '654aff2b-15cd-48ea-9b22-6910700fd53d', NULL, 'https://ncwlibraries.libcal.com/event/14711425?hs=a', NULL, 'b93da678-d591-4abe-ab59-f38ce470bd26', 'a20ee91d-6c87-46c5-92b5-869c569e6012', NULL, 'https://d68g328n4ug0e.cloudfront.net/gallery/6523/book-616740_150.jpg', false, NULL, false, true, NULL, 'approved', NULL, '2025-07-16 23:23:03.02739+00', '2025-07-16 23:39:53.393654+00', NULL, NULL, NULL),
	('451ffc5e-0f53-471c-b1fd-e7cd2da80df5', 'Summer Story Time', 'Babies, toddlers, preschoolers and older siblings are invited for a mixed-ages story time focusing on pre- and emerging-literacy through books, music, movement, games, and crafts.', '2025-08-12', NULL, '11:00:00', '12:00:00', '3ca6bebf-33b1-4265-b280-fb6dd9ebda6a', '654aff2b-15cd-48ea-9b22-6910700fd53d', NULL, 'https://ncwlibraries.libcal.com/event/14596523', NULL, 'a20ee91d-6c87-46c5-92b5-869c569e6012', NULL, NULL, 'https://www.ncwlibraries.org/wp-content/uploads/leavenworth-02-2020-3.jpg', false, NULL, false, false, NULL, 'approved', NULL, '2025-07-16 23:31:05.459336+00', '2025-07-24 22:28:37.274548+00', NULL, NULL, 'Leavenworth City Hall, a beige stucco building with Bavarian design accents.'),
	('682bbd8e-d546-4531-ba6f-a6ab3fa23dd8', 'Ski Hill Fall Music Festival', 'Come up to Ski Hill on September 6th as we celebrate the end of Summer with local Live Music with Buzz Brump, Dance party with Abe Martinez, food and drinks!

All proceeds from this community event benefit Leavenworth Sports Club!  Help us raise funds to continue our mission and promote health, fitness and fun through skiing and other winter sports by providing quality facilities, education, and activities to the community! 
 
Music Lineup
5:30-7:30- Buzz Brump 
8:00pm-10pm - Abe Martinez glow dance party with lasers!


This is a family friendly event for all ages! If you are interested in supporting the event, sponsoring, or volunteering - please email events@skileavenworth.com.', '2025-09-06', NULL, '17:30:00', '22:00:00', '46beb7b8-6da4-4e5c-af41-6adc7a2eac06', '2e6993f7-4dc9-458b-a81f-2f2eab6c15dd', NULL, 'https://skileavenworth.com/events/fall-music-festival', NULL, 'e46ab7a2-26d1-4038-8573-e22d32c1b799', 'a20ee91d-6c87-46c5-92b5-869c569e6012', NULL, NULL, false, NULL, false, false, NULL, 'approved', NULL, '2025-07-16 23:17:24.175234+00', '2025-07-16 23:40:33.579114+00', NULL, NULL, NULL),
	('5f710ad0-c839-4960-930a-c1ca523b49c1', 'Leavenworth Oktoberfest', 'Fridays - Saturdays the first three weekends in October.', '2025-10-03', '2025-10-18', NULL, NULL, NULL, NULL, NULL, 'https://leavenworth.org/oktoberfest/', 'https://leavenworth-oktoberfest.seetickets.com/tour/leavenworth-oktoberfest-2025', 'b93da678-d591-4abe-ab59-f38ce470bd26', NULL, NULL, NULL, false, NULL, false, true, '$15 for Fridays, $30 for Saturdays, or $40 for a weekend pass.  12 and under free.', 'approved', NULL, '2025-07-16 23:50:00.479989+00', '2025-07-16 23:50:00.479989+00', NULL, NULL, NULL),
	('94c9ee37-92ec-443b-90a4-2354ce837cf3', 'Design Review Board', 'The Design Review Board reviews and approves design applications for various elements, including: commercial buildings, signage, fences, + lighting to ensure compliance with the city''s Old World Bavarian Theme ordinance and maintain the cohesive visual identity of Der Town.', '2026-01-14', NULL, '15:00:00', '17:00:00', 'd10fa912-0405-4d8d-be21-0e868874622f', '4c8f94d6-1833-4610-a376-84bc7cb9a6c6', NULL, 'https://cityofleavenworth.com/your-city-hall/boards-commissions/design-review-board/', NULL, '16f2b4de-2ffd-4b1b-9b9d-ac21f298b0a5', NULL, NULL, 'https://cityofleavenworth.com/cdn-cgi/image/width%3D1024%2Cheight%3D1024%2Cfit%3Dcrop%2Cquality%3D80%2Cformat%3Dauto%2Conerror%3Dredirect%2Cmetadata%3Dnone/wp-content/uploads/2021/10/IMG_7600.jpg', false, NULL, false, false, NULL, 'approved', NULL, '2025-07-23 21:43:28.508567+00', '2025-07-23 22:14:46.68552+00', NULL, NULL, 'Watercolor-styled image of a three-story building with a Bavarian theme and flower boxes'),
	('b0e5ace9-04eb-471b-8bf1-8be22462c727', 'Alpenglo Garden Club', 'All things flowers, from growing to arranging.', '2025-07-21', NULL, '17:00:00', '18:00:00', 'ad12dd0c-7ba3-49ff-8591-e93ea3f117ef', '618862e9-4476-4ade-8922-ff3b4c5f14db', NULL, 'https://alpengloliving.com/pages/workshops', NULL, '4105b94f-140c-4fc1-9137-deb9e99d5376', 'b93da678-d591-4abe-ab59-f38ce470bd26', NULL, 'https://cdn.shopify.com/s/files/1/0597/7764/6663/files/Screenshot_2025-06-18_at_3.16.04_PM.png?v=1750284980', false, '6fb3a9a0-55b6-44b8-991f-f363a143d31e', false, false, NULL, 'approved', NULL, '2025-07-17 00:10:29.560064+00', '2025-07-24 22:31:02.290494+00', NULL, NULL, 'small wooden greenhouse with picked flowers stacked outside'),
	('4371a31f-188a-442e-816e-14059652b2da', 'Leavenworth Farmer''s Market', NULL, '2025-05-31', NULL, '09:00:00', '13:00:00', 'c7d3bc44-b620-4109-bc58-7c69f73f4a83', 'b4ffe17e-0b71-4718-a412-d5106906c84f', NULL, 'https://www.cascademarkets.org/leavenworth', NULL, 'b93da678-d591-4abe-ab59-f38ce470bd26', 'a20ee91d-6c87-46c5-92b5-869c569e6012', NULL, 'https://static.wixstatic.com/media/9815ff_8efdb8a1df7f4989a4ebd9f12ea350c6~mv2.jpg/v1/fill/w_1600,h_818,al_b,q_85,enc_avif,quality_auto/9815ff_8efdb8a1df7f4989a4ebd9f12ea350c6~mv2.jpg', false, '7ec5aa56-af77-4e9d-ad7a-77cf4d8fa663', false, false, NULL, 'approved', NULL, '2025-07-17 00:04:42.423444+00', '2025-07-17 00:06:33.721343+00', NULL, NULL, NULL),
	('e6bb0360-fe3f-4f63-b40c-102232c9f091', 'Leavenworth Farmer''s Market', NULL, '2025-06-07', NULL, '09:00:00', '13:00:00', 'c7d3bc44-b620-4109-bc58-7c69f73f4a83', 'b4ffe17e-0b71-4718-a412-d5106906c84f', NULL, 'https://www.cascademarkets.org/leavenworth', NULL, 'b93da678-d591-4abe-ab59-f38ce470bd26', 'a20ee91d-6c87-46c5-92b5-869c569e6012', NULL, 'https://static.wixstatic.com/media/9815ff_8efdb8a1df7f4989a4ebd9f12ea350c6~mv2.jpg/v1/fill/w_1600,h_818,al_b,q_85,enc_avif,quality_auto/9815ff_8efdb8a1df7f4989a4ebd9f12ea350c6~mv2.jpg', false, '7ec5aa56-af77-4e9d-ad7a-77cf4d8fa663', false, false, NULL, 'approved', NULL, '2025-07-17 00:04:42.423444+00', '2025-07-17 00:06:35.752427+00', NULL, NULL, NULL),
	('a67ee5dd-198b-4d4a-829f-03a58aaa9759', 'Leavenworth Farmer''s Market', NULL, '2025-06-14', NULL, '09:00:00', '13:00:00', 'c7d3bc44-b620-4109-bc58-7c69f73f4a83', 'b4ffe17e-0b71-4718-a412-d5106906c84f', NULL, 'https://www.cascademarkets.org/leavenworth', NULL, 'b93da678-d591-4abe-ab59-f38ce470bd26', 'a20ee91d-6c87-46c5-92b5-869c569e6012', NULL, 'https://static.wixstatic.com/media/9815ff_8efdb8a1df7f4989a4ebd9f12ea350c6~mv2.jpg/v1/fill/w_1600,h_818,al_b,q_85,enc_avif,quality_auto/9815ff_8efdb8a1df7f4989a4ebd9f12ea350c6~mv2.jpg', false, '7ec5aa56-af77-4e9d-ad7a-77cf4d8fa663', false, false, NULL, 'approved', NULL, '2025-07-17 00:04:42.423444+00', '2025-07-17 00:06:36.326595+00', NULL, NULL, NULL),
	('f92ae265-4328-41ea-ab24-dd9286f7a3fb', 'Leavenworth Farmer''s Market', NULL, '2025-06-21', NULL, '09:00:00', '13:00:00', 'c7d3bc44-b620-4109-bc58-7c69f73f4a83', 'b4ffe17e-0b71-4718-a412-d5106906c84f', NULL, 'https://www.cascademarkets.org/leavenworth', NULL, 'b93da678-d591-4abe-ab59-f38ce470bd26', 'a20ee91d-6c87-46c5-92b5-869c569e6012', NULL, 'https://static.wixstatic.com/media/9815ff_8efdb8a1df7f4989a4ebd9f12ea350c6~mv2.jpg/v1/fill/w_1600,h_818,al_b,q_85,enc_avif,quality_auto/9815ff_8efdb8a1df7f4989a4ebd9f12ea350c6~mv2.jpg', false, '7ec5aa56-af77-4e9d-ad7a-77cf4d8fa663', false, false, NULL, 'approved', NULL, '2025-07-17 00:04:42.423444+00', '2025-07-17 00:06:36.868847+00', NULL, NULL, NULL),
	('e160a4ad-444c-4303-a5ae-1029a0c1a672', 'Leavenworth Farmer''s Market', NULL, '2025-06-28', NULL, '09:00:00', '13:00:00', 'c7d3bc44-b620-4109-bc58-7c69f73f4a83', 'b4ffe17e-0b71-4718-a412-d5106906c84f', NULL, 'https://www.cascademarkets.org/leavenworth', NULL, 'b93da678-d591-4abe-ab59-f38ce470bd26', 'a20ee91d-6c87-46c5-92b5-869c569e6012', NULL, 'https://static.wixstatic.com/media/9815ff_8efdb8a1df7f4989a4ebd9f12ea350c6~mv2.jpg/v1/fill/w_1600,h_818,al_b,q_85,enc_avif,quality_auto/9815ff_8efdb8a1df7f4989a4ebd9f12ea350c6~mv2.jpg', false, '7ec5aa56-af77-4e9d-ad7a-77cf4d8fa663', false, false, NULL, 'approved', NULL, '2025-07-17 00:04:42.423444+00', '2025-07-17 00:06:37.322552+00', NULL, NULL, NULL),
	('5c0172a1-9b84-455e-b3cb-6fefb5b55279', 'Leavenworth Farmer''s Market', NULL, '2025-07-05', NULL, '09:00:00', '13:00:00', 'c7d3bc44-b620-4109-bc58-7c69f73f4a83', 'b4ffe17e-0b71-4718-a412-d5106906c84f', NULL, 'https://www.cascademarkets.org/leavenworth', NULL, 'b93da678-d591-4abe-ab59-f38ce470bd26', 'a20ee91d-6c87-46c5-92b5-869c569e6012', NULL, 'https://static.wixstatic.com/media/9815ff_8efdb8a1df7f4989a4ebd9f12ea350c6~mv2.jpg/v1/fill/w_1600,h_818,al_b,q_85,enc_avif,quality_auto/9815ff_8efdb8a1df7f4989a4ebd9f12ea350c6~mv2.jpg', false, '7ec5aa56-af77-4e9d-ad7a-77cf4d8fa663', false, false, NULL, 'approved', NULL, '2025-07-17 00:04:42.423444+00', '2025-07-17 00:06:38.561998+00', NULL, NULL, NULL),
	('57359cc5-47db-40b6-8130-07bc4787df4d', 'Leavenworth Farmer''s Market', NULL, '2025-09-27', NULL, '09:00:00', '13:00:00', 'c7d3bc44-b620-4109-bc58-7c69f73f4a83', 'b4ffe17e-0b71-4718-a412-d5106906c84f', NULL, 'https://www.cascademarkets.org/leavenworth', NULL, 'b93da678-d591-4abe-ab59-f38ce470bd26', 'a20ee91d-6c87-46c5-92b5-869c569e6012', NULL, 'https://static.wixstatic.com/media/9815ff_8efdb8a1df7f4989a4ebd9f12ea350c6~mv2.jpg/v1/fill/w_1600,h_818,al_b,q_85,enc_avif,quality_auto/9815ff_8efdb8a1df7f4989a4ebd9f12ea350c6~mv2.jpg', false, '7ec5aa56-af77-4e9d-ad7a-77cf4d8fa663', false, false, NULL, 'approved', NULL, '2025-07-17 00:04:42.423444+00', '2025-07-17 00:08:02.245279+00', NULL, NULL, NULL),
	('76940a9c-1553-427b-9c0d-d8f3b8212fb1', 'Leavenworth Farmer''s Market', NULL, '2025-10-04', NULL, '09:00:00', '13:00:00', 'c7d3bc44-b620-4109-bc58-7c69f73f4a83', 'b4ffe17e-0b71-4718-a412-d5106906c84f', NULL, 'https://www.cascademarkets.org/leavenworth', NULL, 'b93da678-d591-4abe-ab59-f38ce470bd26', 'a20ee91d-6c87-46c5-92b5-869c569e6012', NULL, 'https://static.wixstatic.com/media/9815ff_8efdb8a1df7f4989a4ebd9f12ea350c6~mv2.jpg/v1/fill/w_1600,h_818,al_b,q_85,enc_avif,quality_auto/9815ff_8efdb8a1df7f4989a4ebd9f12ea350c6~mv2.jpg', false, '7ec5aa56-af77-4e9d-ad7a-77cf4d8fa663', false, false, NULL, 'approved', NULL, '2025-07-17 00:04:42.423444+00', '2025-07-17 00:08:02.949697+00', NULL, NULL, NULL),
	('663e8b5d-f6f8-4526-8dcd-a3fb0be4dd80', 'Leavenworth Farmer''s Market', NULL, '2025-10-11', NULL, '09:00:00', '13:00:00', 'c7d3bc44-b620-4109-bc58-7c69f73f4a83', 'b4ffe17e-0b71-4718-a412-d5106906c84f', NULL, 'https://www.cascademarkets.org/leavenworth', NULL, 'b93da678-d591-4abe-ab59-f38ce470bd26', 'a20ee91d-6c87-46c5-92b5-869c569e6012', NULL, 'https://static.wixstatic.com/media/9815ff_8efdb8a1df7f4989a4ebd9f12ea350c6~mv2.jpg/v1/fill/w_1600,h_818,al_b,q_85,enc_avif,quality_auto/9815ff_8efdb8a1df7f4989a4ebd9f12ea350c6~mv2.jpg', false, '7ec5aa56-af77-4e9d-ad7a-77cf4d8fa663', false, false, NULL, 'approved', NULL, '2025-07-17 00:04:42.423444+00', '2025-07-17 00:08:03.486078+00', NULL, NULL, NULL),
	('2e31ecf5-115e-4d67-81b8-edc48e097bb4', 'Leavenworth Farmer''s Market', NULL, '2025-08-02', NULL, '09:00:00', '13:00:00', 'c7d3bc44-b620-4109-bc58-7c69f73f4a83', 'b4ffe17e-0b71-4718-a412-d5106906c84f', NULL, 'https://www.cascademarkets.org/leavenworth', NULL, 'b93da678-d591-4abe-ab59-f38ce470bd26', 'a20ee91d-6c87-46c5-92b5-869c569e6012', NULL, 'https://static.wixstatic.com/media/9815ff_8efdb8a1df7f4989a4ebd9f12ea350c6~mv2.jpg/v1/fill/w_1600,h_818,al_b,q_85,enc_avif,quality_auto/9815ff_8efdb8a1df7f4989a4ebd9f12ea350c6~mv2.jpg', false, '7ec5aa56-af77-4e9d-ad7a-77cf4d8fa663', false, false, NULL, 'approved', NULL, '2025-07-17 00:04:42.423444+00', '2025-07-17 00:08:10.527796+00', NULL, NULL, NULL),
	('8c87646a-e6a5-47ba-9aa5-f7e01ec9b8ad', 'The Sound of Music', 'The beloved musical story of Maria and the von Trapp Family never fails to enchant audiences at our unforgettable Ski Hill Amphitheater. All your favorite songs and characters make this a perfect event for the whole family.', '2025-08-13', NULL, '20:00:00', '22:30:00', '902ffb08-d561-4ddf-bb5f-b798aa7a66b8', 'ec374569-7a4c-4fb7-9374-1abcd6bfa620', NULL, 'https://leavenworthsummertheater.org/som', 'https://app.arts-people.com/index.php?actions=7&p=3', 'e46ab7a2-26d1-4038-8573-e22d32c1b799', NULL, NULL, 'https://images.squarespace-cdn.com/content/v1/5f6ba16e63f3867a847921d4/6db702cf-e954-4dc8-8623-4418847a5c88/image_6487327.JPG?format=750w', false, NULL, false, true, '$14-40', 'approved', NULL, '2025-07-24 21:57:16.837346+00', '2025-07-24 22:08:58.1435+00', NULL, NULL, 'Green mountain with white text that says the sound of music'),
	('f0330024-a645-43bd-9960-d70269fb912d', 'Design Review Board', 'The Design Review Board reviews and approves design applications for various elements, including: commercial buildings, signage, fences, + lighting to ensure compliance with the city''s Old World Bavarian Theme ordinance and maintain the cohesive visual identity of Der Town.', '2025-09-24', NULL, '15:00:00', '17:00:00', 'd10fa912-0405-4d8d-be21-0e868874622f', '4c8f94d6-1833-4610-a376-84bc7cb9a6c6', NULL, 'https://cityofleavenworth.com/your-city-hall/boards-commissions/design-review-board/', NULL, '16f2b4de-2ffd-4b1b-9b9d-ac21f298b0a5', NULL, NULL, 'https://cityofleavenworth.com/cdn-cgi/image/width%3D1024%2Cheight%3D1024%2Cfit%3Dcrop%2Cquality%3D80%2Cformat%3Dauto%2Conerror%3Dredirect%2Cmetadata%3Dnone/wp-content/uploads/2021/10/IMG_7600.jpg', false, NULL, false, false, NULL, 'approved', NULL, '2025-07-23 21:44:06.832551+00', '2025-07-23 22:14:27.447384+00', NULL, NULL, 'Watercolor-styled image of a three-story building with a Bavarian theme and flower boxes'),
	('658c48ae-91ce-494a-9fbf-52fa4eb52611', 'Alpenglo Garden Club: Book Club', 'Along with talking all things garden we thought it would be fun to add in a book club to discuss topics with a bit more intention.  Our first book will be The Comfort of Crows, by Margaret Renkl.  Come join the conversation!', '2025-08-18', NULL, '17:00:00', '18:00:00', 'ad12dd0c-7ba3-49ff-8591-e93ea3f117ef', '618862e9-4476-4ade-8922-ff3b4c5f14db', NULL, 'https://alpengloliving.com/pages/workshops', NULL, '4105b94f-140c-4fc1-9137-deb9e99d5376', 'b93da678-d591-4abe-ab59-f38ce470bd26', NULL, 'https://cdn.shopify.com/s/files/1/0597/7764/6663/files/Screenshot_2025-06-18_at_3.16.04_PM.png?v=1750284980', false, '6fb3a9a0-55b6-44b8-991f-f363a143d31e', false, false, NULL, 'approved', NULL, '2025-07-17 00:10:29.560064+00', '2025-07-24 22:30:52.237192+00', NULL, NULL, 'small wooden greenhouse with picked flowers stacked outside'),
	('a51bcd24-a5a9-4a76-b16b-1e45d9fb6247', 'Leavenworth Farmer''s Market', NULL, '2025-07-12', NULL, '09:00:00', '13:00:00', 'c7d3bc44-b620-4109-bc58-7c69f73f4a83', 'b4ffe17e-0b71-4718-a412-d5106906c84f', NULL, 'https://www.cascademarkets.org/leavenworth', NULL, 'b93da678-d591-4abe-ab59-f38ce470bd26', 'a20ee91d-6c87-46c5-92b5-869c569e6012', NULL, 'https://static.wixstatic.com/media/9815ff_8efdb8a1df7f4989a4ebd9f12ea350c6~mv2.jpg/v1/fill/w_1600,h_818,al_b,q_85,enc_avif,quality_auto/9815ff_8efdb8a1df7f4989a4ebd9f12ea350c6~mv2.jpg', false, '7ec5aa56-af77-4e9d-ad7a-77cf4d8fa663', false, false, NULL, 'approved', NULL, '2025-07-17 00:04:42.423444+00', '2025-07-17 00:06:40.094758+00', NULL, NULL, NULL),
	('d7d4da77-52ad-4077-a7b1-0df57a9fcc0d', 'Leavenworth Farmer''s Market', NULL, '2025-07-19', NULL, '09:00:00', '13:00:00', 'c7d3bc44-b620-4109-bc58-7c69f73f4a83', 'b4ffe17e-0b71-4718-a412-d5106906c84f', NULL, 'https://www.cascademarkets.org/leavenworth', NULL, 'b93da678-d591-4abe-ab59-f38ce470bd26', 'a20ee91d-6c87-46c5-92b5-869c569e6012', NULL, 'https://static.wixstatic.com/media/9815ff_8efdb8a1df7f4989a4ebd9f12ea350c6~mv2.jpg/v1/fill/w_1600,h_818,al_b,q_85,enc_avif,quality_auto/9815ff_8efdb8a1df7f4989a4ebd9f12ea350c6~mv2.jpg', false, '7ec5aa56-af77-4e9d-ad7a-77cf4d8fa663', false, false, NULL, 'approved', NULL, '2025-07-17 00:04:42.423444+00', '2025-07-17 00:06:41.40354+00', NULL, NULL, NULL),
	('1dc14498-e9e4-403e-863d-2f718fa9cefe', 'Leavenworth Farmer''s Market', NULL, '2025-07-26', NULL, '09:00:00', '13:00:00', 'c7d3bc44-b620-4109-bc58-7c69f73f4a83', 'b4ffe17e-0b71-4718-a412-d5106906c84f', NULL, 'https://www.cascademarkets.org/leavenworth', NULL, 'b93da678-d591-4abe-ab59-f38ce470bd26', 'a20ee91d-6c87-46c5-92b5-869c569e6012', NULL, 'https://static.wixstatic.com/media/9815ff_8efdb8a1df7f4989a4ebd9f12ea350c6~mv2.jpg/v1/fill/w_1600,h_818,al_b,q_85,enc_avif,quality_auto/9815ff_8efdb8a1df7f4989a4ebd9f12ea350c6~mv2.jpg', false, '7ec5aa56-af77-4e9d-ad7a-77cf4d8fa663', false, false, NULL, 'approved', NULL, '2025-07-17 00:04:42.423444+00', '2025-07-17 00:06:44.452696+00', NULL, NULL, NULL),
	('7eb3cb4c-446e-4687-a8ab-3cd4846978bf', 'Leavenworth Farmer''s Market', NULL, '2025-08-09', NULL, '09:00:00', '13:00:00', 'c7d3bc44-b620-4109-bc58-7c69f73f4a83', 'b4ffe17e-0b71-4718-a412-d5106906c84f', NULL, 'https://www.cascademarkets.org/leavenworth', NULL, 'b93da678-d591-4abe-ab59-f38ce470bd26', 'a20ee91d-6c87-46c5-92b5-869c569e6012', NULL, 'https://static.wixstatic.com/media/9815ff_8efdb8a1df7f4989a4ebd9f12ea350c6~mv2.jpg/v1/fill/w_1600,h_818,al_b,q_85,enc_avif,quality_auto/9815ff_8efdb8a1df7f4989a4ebd9f12ea350c6~mv2.jpg', false, '7ec5aa56-af77-4e9d-ad7a-77cf4d8fa663', false, false, NULL, 'approved', NULL, '2025-07-17 00:04:42.423444+00', '2025-07-17 00:06:51.352674+00', NULL, NULL, NULL),
	('0e30b4f7-745b-4bf5-96fa-4d021ff28281', 'Leavenworth Farmer''s Market', NULL, '2025-08-23', NULL, '09:00:00', '13:00:00', 'c7d3bc44-b620-4109-bc58-7c69f73f4a83', 'b4ffe17e-0b71-4718-a412-d5106906c84f', NULL, 'https://www.cascademarkets.org/leavenworth', NULL, 'b93da678-d591-4abe-ab59-f38ce470bd26', 'a20ee91d-6c87-46c5-92b5-869c569e6012', NULL, 'https://static.wixstatic.com/media/9815ff_8efdb8a1df7f4989a4ebd9f12ea350c6~mv2.jpg/v1/fill/w_1600,h_818,al_b,q_85,enc_avif,quality_auto/9815ff_8efdb8a1df7f4989a4ebd9f12ea350c6~mv2.jpg', false, '7ec5aa56-af77-4e9d-ad7a-77cf4d8fa663', false, false, NULL, 'approved', NULL, '2025-07-17 00:04:42.423444+00', '2025-07-17 00:06:55.133989+00', NULL, NULL, NULL),
	('02ee1a40-f478-4506-948d-654da039422e', 'Leavenworth Farmer''s Market', NULL, '2025-08-30', NULL, '09:00:00', '13:00:00', 'c7d3bc44-b620-4109-bc58-7c69f73f4a83', 'b4ffe17e-0b71-4718-a412-d5106906c84f', NULL, 'https://www.cascademarkets.org/leavenworth', NULL, 'b93da678-d591-4abe-ab59-f38ce470bd26', 'a20ee91d-6c87-46c5-92b5-869c569e6012', NULL, 'https://static.wixstatic.com/media/9815ff_8efdb8a1df7f4989a4ebd9f12ea350c6~mv2.jpg/v1/fill/w_1600,h_818,al_b,q_85,enc_avif,quality_auto/9815ff_8efdb8a1df7f4989a4ebd9f12ea350c6~mv2.jpg', false, '7ec5aa56-af77-4e9d-ad7a-77cf4d8fa663', false, false, NULL, 'approved', NULL, '2025-07-17 00:04:42.423444+00', '2025-07-17 00:06:56.857638+00', NULL, NULL, NULL),
	('14ec6f3b-733d-479e-99e7-9ff2ee5a5eea', 'Leavenworth Farmer''s Market', NULL, '2025-09-06', NULL, '09:00:00', '13:00:00', 'c7d3bc44-b620-4109-bc58-7c69f73f4a83', 'b4ffe17e-0b71-4718-a412-d5106906c84f', NULL, 'https://www.cascademarkets.org/leavenworth', NULL, 'b93da678-d591-4abe-ab59-f38ce470bd26', 'a20ee91d-6c87-46c5-92b5-869c569e6012', NULL, 'https://static.wixstatic.com/media/9815ff_8efdb8a1df7f4989a4ebd9f12ea350c6~mv2.jpg/v1/fill/w_1600,h_818,al_b,q_85,enc_avif,quality_auto/9815ff_8efdb8a1df7f4989a4ebd9f12ea350c6~mv2.jpg', false, '7ec5aa56-af77-4e9d-ad7a-77cf4d8fa663', false, false, NULL, 'approved', NULL, '2025-07-17 00:04:42.423444+00', '2025-07-17 00:06:58.72081+00', NULL, NULL, NULL),
	('2718ef28-5e2d-4168-9586-e28beb7867cf', 'Leavenworth Farmer''s Market', NULL, '2025-09-13', NULL, '09:00:00', '13:00:00', 'c7d3bc44-b620-4109-bc58-7c69f73f4a83', 'b4ffe17e-0b71-4718-a412-d5106906c84f', NULL, 'https://www.cascademarkets.org/leavenworth', NULL, 'b93da678-d591-4abe-ab59-f38ce470bd26', 'a20ee91d-6c87-46c5-92b5-869c569e6012', NULL, 'https://static.wixstatic.com/media/9815ff_8efdb8a1df7f4989a4ebd9f12ea350c6~mv2.jpg/v1/fill/w_1600,h_818,al_b,q_85,enc_avif,quality_auto/9815ff_8efdb8a1df7f4989a4ebd9f12ea350c6~mv2.jpg', false, '7ec5aa56-af77-4e9d-ad7a-77cf4d8fa663', false, false, NULL, 'approved', NULL, '2025-07-17 00:04:42.423444+00', '2025-07-17 00:07:15.623453+00', NULL, NULL, NULL),
	('4b8c29ca-1309-4051-9181-5dfe66edd034', 'Leavenworth Farmer''s Market', NULL, '2025-09-20', NULL, '09:00:00', '13:00:00', 'c7d3bc44-b620-4109-bc58-7c69f73f4a83', 'b4ffe17e-0b71-4718-a412-d5106906c84f', NULL, 'https://www.cascademarkets.org/leavenworth', NULL, 'b93da678-d591-4abe-ab59-f38ce470bd26', 'a20ee91d-6c87-46c5-92b5-869c569e6012', NULL, 'https://static.wixstatic.com/media/9815ff_8efdb8a1df7f4989a4ebd9f12ea350c6~mv2.jpg/v1/fill/w_1600,h_818,al_b,q_85,enc_avif,quality_auto/9815ff_8efdb8a1df7f4989a4ebd9f12ea350c6~mv2.jpg', false, '7ec5aa56-af77-4e9d-ad7a-77cf4d8fa663', false, false, NULL, 'approved', NULL, '2025-07-17 00:04:42.423444+00', '2025-07-17 00:07:17.310538+00', NULL, NULL, NULL),
	('f5317fee-688b-47c8-987c-73333ee4f3b0', 'Women''s MTB Ride Series', 'Beginner-friendly group mountain-bike ride followed by some lodge joy. All are welcome!', '2025-05-29', '2025-10-16', '17:30:00', '19:30:00', '123d16ec-9455-4524-9fb0-8c0dea095fe8', NULL, NULL, NULL, NULL, '4489a377-d412-4792-a028-2bab61e997e5', NULL, NULL, 'https://skileavenworth.com/sites/default/files/styles/page_bottom_gallery_thumbnails_250x375/public/2018-03/IMG952267.jpg?h=3d770bbb', false, NULL, true, false, NULL, 'approved', NULL, '2025-07-17 00:25:18.289392+00', '2025-07-23 21:32:07.401147+00', NULL, NULL, NULL),
	('e28b1ba7-e7b3-47b1-b09b-a3ca409266f7', 'The Sound of Music', 'The beloved musical story of Maria and the von Trapp Family never fails to enchant audiences at our unforgettable Ski Hill Amphitheater. All your favorite songs and characters make this a perfect event for the whole family.', '2025-08-22', NULL, '20:00:00', '22:30:00', '902ffb08-d561-4ddf-bb5f-b798aa7a66b8', 'ec374569-7a4c-4fb7-9374-1abcd6bfa620', NULL, 'https://leavenworthsummertheater.org/som', 'https://app.arts-people.com/index.php?actions=7&p=3', 'e46ab7a2-26d1-4038-8573-e22d32c1b799', NULL, NULL, 'https://images.squarespace-cdn.com/content/v1/5f6ba16e63f3867a847921d4/6db702cf-e954-4dc8-8623-4418847a5c88/image_6487327.JPG?format=750w', false, NULL, false, true, '$14-40', 'approved', NULL, '2025-07-24 21:58:05.669329+00', '2025-07-24 22:09:09.138428+00', NULL, NULL, 'Green mountain with white text that says the sound of music'),
	('9ca77bcd-6ddb-4fee-9c13-6b02e399c691', 'Petals + Pasta', 'Gather around our table and learn the basics of pasta making and create two types of pasta using edible florals.', '2025-08-13', NULL, '17:30:00', '19:00:00', 'ad12dd0c-7ba3-49ff-8591-e93ea3f117ef', '618862e9-4476-4ade-8922-ff3b4c5f14db', NULL, 'https://alpengloliving.com/products/beginner-petals-pasta-august-13th', NULL, 'e46ab7a2-26d1-4038-8573-e22d32c1b799', NULL, NULL, NULL, false, NULL, false, true, '$75.00 for adults, $25 for child 10 and under.', 'approved', NULL, '2025-07-17 00:20:48.171999+00', '2025-07-24 22:25:45.277886+00', NULL, NULL, NULL),
	('43463ff8-533a-4454-bca7-df71a4aa470c', 'Beginner Watercolor Floral Workshop', 'Gather around our table and learn the basics of watercolor, practice techniques and create a floral piece to take home, using real flowers as inspiration. ', '2025-07-23', NULL, '17:30:00', '19:00:00', 'ad12dd0c-7ba3-49ff-8591-e93ea3f117ef', '618862e9-4476-4ade-8922-ff3b4c5f14db', NULL, 'https://alpengloliving.com/products/beginner-watercolor-floral-worskhop', 'https://alpengloliving.com/products/beginner-watercolor-floral-worskhop', 'e46ab7a2-26d1-4038-8573-e22d32c1b799', NULL, NULL, 'https://alpengloliving.com/cdn/shop/files/watercolor-class.jpg?v=1751496342&width=1346', false, NULL, false, true, '$75 adult / $25 kid', 'approved', NULL, '2025-07-17 00:18:08.789283+00', '2025-07-17 00:18:42.093346+00', NULL, NULL, NULL),
	('e7122fa7-bef9-4db0-9603-27d5ad31c272', 'Women''s MTB', 'Beginner-friendly group mountain-bike ride followed by some lodge joy. All are welcome!', '2025-07-10', NULL, '17:30:00', '19:30:00', '123d16ec-9455-4524-9fb0-8c0dea095fe8', NULL, NULL, NULL, '', '4489a377-d412-4792-a028-2bab61e997e5', NULL, NULL, 'https://skileavenworth.com/sites/default/files/styles/page_bottom_gallery_thumbnails_250x375/public/2018-03/IMG952267.jpg?h=3d770bbb', false, 'f5317fee-688b-47c8-987c-73333ee4f3b0', false, false, NULL, 'approved', NULL, '2025-07-17 00:31:20.847572+00', '2025-07-24 22:23:52.942852+00', NULL, NULL, NULL),
	('be694365-1187-44ba-bc30-05022a38ae21', 'Women''s MTB', 'Beginner-friendly group mountain-bike ride followed by some lodge joy. All are welcome!', '2025-05-29', NULL, '17:30:00', '19:30:00', '123d16ec-9455-4524-9fb0-8c0dea095fe8', NULL, NULL, NULL, NULL, '4489a377-d412-4792-a028-2bab61e997e5', NULL, NULL, 'https://skileavenworth.com/sites/default/files/styles/page_bottom_gallery_thumbnails_250x375/public/2018-03/IMG952267.jpg?h=3d770bbb', false, 'f5317fee-688b-47c8-987c-73333ee4f3b0', false, false, NULL, 'approved', NULL, '2025-07-17 00:31:20.847572+00', '2025-07-17 00:32:25.000451+00', NULL, NULL, NULL),
	('2bac5467-09ae-47d2-8b33-0c6e75f26194', 'Women''s MTB', 'Beginner-friendly group mountain-bike ride followed by some lodge joy. All are welcome!', '2025-06-05', NULL, '17:30:00', '19:30:00', '123d16ec-9455-4524-9fb0-8c0dea095fe8', NULL, NULL, NULL, NULL, '4489a377-d412-4792-a028-2bab61e997e5', NULL, NULL, 'https://skileavenworth.com/sites/default/files/styles/page_bottom_gallery_thumbnails_250x375/public/2018-03/IMG952267.jpg?h=3d770bbb', false, 'f5317fee-688b-47c8-987c-73333ee4f3b0', false, false, NULL, 'approved', NULL, '2025-07-17 00:31:20.847572+00', '2025-07-17 00:32:25.485505+00', NULL, NULL, NULL),
	('1cf0933d-036a-4419-9ec3-24fd7527da4c', 'Women''s MTB', 'Beginner-friendly group mountain-bike ride followed by some lodge joy. All are welcome!', '2025-06-12', NULL, '17:30:00', '19:30:00', '123d16ec-9455-4524-9fb0-8c0dea095fe8', NULL, NULL, NULL, NULL, '4489a377-d412-4792-a028-2bab61e997e5', NULL, NULL, 'https://skileavenworth.com/sites/default/files/styles/page_bottom_gallery_thumbnails_250x375/public/2018-03/IMG952267.jpg?h=3d770bbb', false, 'f5317fee-688b-47c8-987c-73333ee4f3b0', false, false, NULL, 'approved', NULL, '2025-07-17 00:31:20.847572+00', '2025-07-17 00:32:25.984651+00', NULL, NULL, NULL),
	('0a53dc3d-c546-4ba9-9fdb-070499d92415', 'Women''s MTB', 'Beginner-friendly group mountain-bike ride followed by some lodge joy. All are welcome!', '2025-06-19', NULL, '17:30:00', '19:30:00', '123d16ec-9455-4524-9fb0-8c0dea095fe8', NULL, NULL, NULL, NULL, '4489a377-d412-4792-a028-2bab61e997e5', NULL, NULL, 'https://skileavenworth.com/sites/default/files/styles/page_bottom_gallery_thumbnails_250x375/public/2018-03/IMG952267.jpg?h=3d770bbb', false, 'f5317fee-688b-47c8-987c-73333ee4f3b0', false, false, NULL, 'approved', NULL, '2025-07-17 00:31:20.847572+00', '2025-07-17 00:32:26.519666+00', NULL, NULL, NULL),
	('69789df4-7caa-4c83-b45e-bcb40685456e', 'Women''s MTB', 'Beginner-friendly group mountain-bike ride followed by some lodge joy. All are welcome!', '2025-06-26', NULL, '17:30:00', '19:30:00', '123d16ec-9455-4524-9fb0-8c0dea095fe8', NULL, NULL, NULL, NULL, '4489a377-d412-4792-a028-2bab61e997e5', NULL, NULL, 'https://skileavenworth.com/sites/default/files/styles/page_bottom_gallery_thumbnails_250x375/public/2018-03/IMG952267.jpg?h=3d770bbb', false, 'f5317fee-688b-47c8-987c-73333ee4f3b0', false, false, NULL, 'approved', NULL, '2025-07-17 00:31:20.847572+00', '2025-07-17 00:32:26.938499+00', NULL, NULL, NULL),
	('1b78f4f3-d71f-4589-a817-65f0a9886118', 'Women''s MTB', 'Beginner-friendly group mountain-bike ride followed by some lodge joy. All are welcome!', '2025-07-03', NULL, '17:30:00', '19:30:00', '123d16ec-9455-4524-9fb0-8c0dea095fe8', NULL, NULL, NULL, NULL, '4489a377-d412-4792-a028-2bab61e997e5', NULL, NULL, 'https://skileavenworth.com/sites/default/files/styles/page_bottom_gallery_thumbnails_250x375/public/2018-03/IMG952267.jpg?h=3d770bbb', false, 'f5317fee-688b-47c8-987c-73333ee4f3b0', false, false, NULL, 'approved', NULL, '2025-07-17 00:31:20.847572+00', '2025-07-17 00:32:27.401212+00', NULL, NULL, NULL),
	('e64e722f-b1de-492e-bba2-6f7cb36a93ea', 'Women''s MTB', 'Beginner-friendly group mountain-bike ride followed by some lodge joy. All are welcome!', '2025-07-17', NULL, '17:30:00', '19:30:00', '123d16ec-9455-4524-9fb0-8c0dea095fe8', NULL, NULL, NULL, NULL, '4489a377-d412-4792-a028-2bab61e997e5', NULL, NULL, 'https://skileavenworth.com/sites/default/files/styles/page_bottom_gallery_thumbnails_250x375/public/2018-03/IMG952267.jpg?h=3d770bbb', false, 'f5317fee-688b-47c8-987c-73333ee4f3b0', false, false, NULL, 'approved', NULL, '2025-07-17 00:31:20.847572+00', '2025-07-17 00:32:28.85484+00', NULL, NULL, NULL),
	('d6000afc-f911-4357-bb87-16f658d1bcc4', 'Women''s MTB', 'Beginner-friendly group mountain-bike ride followed by some lodge joy. All are welcome!', '2025-07-24', NULL, '17:30:00', '19:30:00', '123d16ec-9455-4524-9fb0-8c0dea095fe8', NULL, NULL, NULL, NULL, '4489a377-d412-4792-a028-2bab61e997e5', NULL, NULL, 'https://skileavenworth.com/sites/default/files/styles/page_bottom_gallery_thumbnails_250x375/public/2018-03/IMG952267.jpg?h=3d770bbb', false, 'f5317fee-688b-47c8-987c-73333ee4f3b0', false, false, NULL, 'approved', NULL, '2025-07-17 00:31:20.847572+00', '2025-07-17 00:32:29.265795+00', NULL, NULL, NULL),
	('666f43d2-68cb-47aa-a540-ed535ffa8475', 'Women''s MTB', 'Beginner-friendly group mountain-bike ride followed by some lodge joy. All are welcome!', '2025-07-31', NULL, '17:30:00', '19:30:00', '123d16ec-9455-4524-9fb0-8c0dea095fe8', NULL, NULL, NULL, NULL, '4489a377-d412-4792-a028-2bab61e997e5', NULL, NULL, 'https://skileavenworth.com/sites/default/files/styles/page_bottom_gallery_thumbnails_250x375/public/2018-03/IMG952267.jpg?h=3d770bbb', false, 'f5317fee-688b-47c8-987c-73333ee4f3b0', false, false, NULL, 'approved', NULL, '2025-07-17 00:31:20.847572+00', '2025-07-17 00:32:29.773731+00', NULL, NULL, NULL),
	('86060289-433e-48f8-9718-11a9c534e1eb', 'Women''s MTB', 'Beginner-friendly group mountain-bike ride followed by some lodge joy. All are welcome!', '2025-08-07', NULL, '17:30:00', '19:30:00', '123d16ec-9455-4524-9fb0-8c0dea095fe8', NULL, NULL, NULL, NULL, '4489a377-d412-4792-a028-2bab61e997e5', NULL, NULL, 'https://skileavenworth.com/sites/default/files/styles/page_bottom_gallery_thumbnails_250x375/public/2018-03/IMG952267.jpg?h=3d770bbb', false, 'f5317fee-688b-47c8-987c-73333ee4f3b0', false, false, NULL, 'approved', NULL, '2025-07-17 00:31:20.847572+00', '2025-07-17 00:32:31.250879+00', NULL, NULL, NULL),
	('af0a2a16-c865-40cd-a527-5e39a27b3373', 'Women''s MTB', 'Beginner-friendly group mountain-bike ride followed by some lodge joy. All are welcome!', '2025-08-14', NULL, '17:30:00', '19:30:00', '123d16ec-9455-4524-9fb0-8c0dea095fe8', NULL, NULL, NULL, NULL, '4489a377-d412-4792-a028-2bab61e997e5', NULL, NULL, 'https://skileavenworth.com/sites/default/files/styles/page_bottom_gallery_thumbnails_250x375/public/2018-03/IMG952267.jpg?h=3d770bbb', false, 'f5317fee-688b-47c8-987c-73333ee4f3b0', false, false, NULL, 'approved', NULL, '2025-07-17 00:31:20.847572+00', '2025-07-17 00:32:31.65354+00', NULL, NULL, NULL),
	('4aadca79-5458-48c6-8fe8-ec077f0aa3ad', 'Women''s MTB', 'Beginner-friendly group mountain-bike ride followed by some lodge joy. All are welcome!', '2025-08-21', NULL, '17:30:00', '19:30:00', '123d16ec-9455-4524-9fb0-8c0dea095fe8', NULL, NULL, NULL, NULL, '4489a377-d412-4792-a028-2bab61e997e5', NULL, NULL, 'https://skileavenworth.com/sites/default/files/styles/page_bottom_gallery_thumbnails_250x375/public/2018-03/IMG952267.jpg?h=3d770bbb', false, 'f5317fee-688b-47c8-987c-73333ee4f3b0', false, false, NULL, 'approved', NULL, '2025-07-17 00:31:20.847572+00', '2025-07-17 00:32:32.097839+00', NULL, NULL, NULL),
	('26754b9a-2b74-4aa5-8dc4-b57433f4d5b4', 'Women''s MTB', 'Beginner-friendly group mountain-bike ride followed by some lodge joy. All are welcome!', '2025-08-28', NULL, '17:30:00', '19:30:00', '123d16ec-9455-4524-9fb0-8c0dea095fe8', NULL, NULL, NULL, NULL, '4489a377-d412-4792-a028-2bab61e997e5', NULL, NULL, 'https://skileavenworth.com/sites/default/files/styles/page_bottom_gallery_thumbnails_250x375/public/2018-03/IMG952267.jpg?h=3d770bbb', false, 'f5317fee-688b-47c8-987c-73333ee4f3b0', false, false, NULL, 'approved', NULL, '2025-07-17 00:31:20.847572+00', '2025-07-17 00:32:32.547804+00', NULL, NULL, NULL),
	('6fb3a9a0-55b6-44b8-991f-f363a143d31e', 'Alpenglo Garden Club Series', NULL, '2025-07-07', '2025-08-18', '17:00:00', '18:00:00', 'ad12dd0c-7ba3-49ff-8591-e93ea3f117ef', '618862e9-4476-4ade-8922-ff3b4c5f14db', NULL, 'https://alpengloliving.com/pages/workshops', NULL, '4105b94f-140c-4fc1-9137-deb9e99d5376', 'b93da678-d591-4abe-ab59-f38ce470bd26', NULL, 'https://cdn.shopify.com/s/files/1/0597/7764/6663/files/Screenshot_2025-06-18_at_3.16.04_PM.png?v=1750284980', false, NULL, true, false, NULL, 'approved', NULL, '2025-07-16 23:54:10.498043+00', '2025-07-24 22:30:58.671247+00', NULL, NULL, 'small wooden greenhouse with picked flowers stacked outside'),
	('6561adb3-aa29-4f60-9b1e-2307f9f8dbc4', 'Women''s MTB', 'Beginner-friendly group mountain-bike ride followed by some lodge joy. All are welcome!', '2025-09-04', NULL, '17:30:00', '19:30:00', '123d16ec-9455-4524-9fb0-8c0dea095fe8', NULL, NULL, NULL, NULL, '4489a377-d412-4792-a028-2bab61e997e5', NULL, NULL, 'https://skileavenworth.com/sites/default/files/styles/page_bottom_gallery_thumbnails_250x375/public/2018-03/IMG952267.jpg?h=3d770bbb', false, 'f5317fee-688b-47c8-987c-73333ee4f3b0', false, false, NULL, 'approved', NULL, '2025-07-17 00:31:20.847572+00', '2025-07-17 00:32:32.956842+00', NULL, NULL, NULL),
	('6001e52f-828a-413e-a99d-e719c7e4afa7', 'Women''s MTB', 'Beginner-friendly group mountain-bike ride followed by some lodge joy. All are welcome!', '2025-09-11', NULL, '17:30:00', '19:30:00', '123d16ec-9455-4524-9fb0-8c0dea095fe8', NULL, NULL, NULL, NULL, '4489a377-d412-4792-a028-2bab61e997e5', NULL, NULL, 'https://skileavenworth.com/sites/default/files/styles/page_bottom_gallery_thumbnails_250x375/public/2018-03/IMG952267.jpg?h=3d770bbb', false, 'f5317fee-688b-47c8-987c-73333ee4f3b0', false, false, NULL, 'approved', NULL, '2025-07-17 00:31:20.847572+00', '2025-07-17 00:32:33.55014+00', NULL, NULL, NULL),
	('5f2d3715-0c33-4437-9591-ee26c6466564', 'Women''s MTB', 'Beginner-friendly group mountain-bike ride followed by some lodge joy. All are welcome!', '2025-09-18', NULL, '17:30:00', '19:30:00', '123d16ec-9455-4524-9fb0-8c0dea095fe8', NULL, NULL, NULL, NULL, '4489a377-d412-4792-a028-2bab61e997e5', NULL, NULL, 'https://skileavenworth.com/sites/default/files/styles/page_bottom_gallery_thumbnails_250x375/public/2018-03/IMG952267.jpg?h=3d770bbb', false, 'f5317fee-688b-47c8-987c-73333ee4f3b0', false, false, NULL, 'approved', NULL, '2025-07-17 00:31:20.847572+00', '2025-07-17 00:32:35.173104+00', NULL, NULL, NULL),
	('cf0da161-c80f-467e-bf44-12331f18c04d', 'Women''s MTB', 'Beginner-friendly group mountain-bike ride followed by some lodge joy. All are welcome!', '2025-09-25', NULL, '17:30:00', '19:30:00', '123d16ec-9455-4524-9fb0-8c0dea095fe8', NULL, NULL, NULL, NULL, '4489a377-d412-4792-a028-2bab61e997e5', NULL, NULL, 'https://skileavenworth.com/sites/default/files/styles/page_bottom_gallery_thumbnails_250x375/public/2018-03/IMG952267.jpg?h=3d770bbb', false, 'f5317fee-688b-47c8-987c-73333ee4f3b0', false, false, NULL, 'approved', NULL, '2025-07-17 00:31:20.847572+00', '2025-07-17 00:32:35.585477+00', NULL, NULL, NULL),
	('575392ed-09f2-4154-a113-4884922c9c1a', 'Women''s MTB', 'Beginner-friendly group mountain-bike ride followed by some lodge joy. All are welcome!', '2025-10-02', NULL, '17:30:00', '19:30:00', '123d16ec-9455-4524-9fb0-8c0dea095fe8', NULL, NULL, NULL, NULL, '4489a377-d412-4792-a028-2bab61e997e5', NULL, NULL, 'https://skileavenworth.com/sites/default/files/styles/page_bottom_gallery_thumbnails_250x375/public/2018-03/IMG952267.jpg?h=3d770bbb', false, 'f5317fee-688b-47c8-987c-73333ee4f3b0', false, false, NULL, 'approved', NULL, '2025-07-17 00:31:20.847572+00', '2025-07-17 00:32:36.011304+00', NULL, NULL, NULL),
	('4ad294fa-e174-4d22-b3b2-11e37223efb5', 'Women''s MTB', 'Beginner-friendly group mountain-bike ride followed by some lodge joy. All are welcome!', '2025-10-09', NULL, '17:30:00', '19:30:00', '123d16ec-9455-4524-9fb0-8c0dea095fe8', NULL, NULL, NULL, NULL, '4489a377-d412-4792-a028-2bab61e997e5', NULL, NULL, 'https://skileavenworth.com/sites/default/files/styles/page_bottom_gallery_thumbnails_250x375/public/2018-03/IMG952267.jpg?h=3d770bbb', false, 'f5317fee-688b-47c8-987c-73333ee4f3b0', false, false, NULL, 'approved', NULL, '2025-07-17 00:31:20.847572+00', '2025-07-17 00:32:36.4591+00', NULL, NULL, NULL),
	('812b24d5-81f7-4ec2-b9ee-e66e92f01303', 'Women''s MTB', 'Beginner-friendly group mountain-bike ride followed by some lodge joy. All are welcome!', '2025-10-16', NULL, '17:30:00', '19:30:00', '123d16ec-9455-4524-9fb0-8c0dea095fe8', NULL, NULL, NULL, NULL, '4489a377-d412-4792-a028-2bab61e997e5', NULL, NULL, 'https://skileavenworth.com/sites/default/files/styles/page_bottom_gallery_thumbnails_250x375/public/2018-03/IMG952267.jpg?h=3d770bbb', false, 'f5317fee-688b-47c8-987c-73333ee4f3b0', false, false, NULL, 'approved', NULL, '2025-07-17 00:31:20.847572+00', '2025-07-17 00:32:37.198302+00', NULL, NULL, NULL),
	('1da03a6b-c505-4112-8d4b-29209c6e77ff', 'City Council Meeting', 'Biweekly City Council Meetings begin "study session" which seeks to inform Council Members and the public about various important issues with the formal meeting starting at 7:00PM', '2025-09-09', NULL, '17:30:00', '20:00:00', 'd10fa912-0405-4d8d-be21-0e868874622f', '4c8f94d6-1833-4610-a376-84bc7cb9a6c6', NULL, 'https://cityofleavenworth.com/your-city-hall/city-council/', NULL, '16f2b4de-2ffd-4b1b-9b9d-ac21f298b0a5', NULL, NULL, 'https://upload.wikimedia.org/wikipedia/commons/5/51/Leavenworth_City_Hall.JPG', false, NULL, false, false, NULL, 'approved', NULL, '2025-07-23 21:47:55.313678+00', '2025-07-23 22:14:26.266286+00', NULL, NULL, 'The Leavenworth City Hall Building with patchy snow in yard and sign in bavarian theme saying "Leavenworth, Lions Club Park"'),
	('bc9e4af1-3a05-4e07-b487-6cb2968f386b', 'Design Review Board', 'The Design Review Board reviews and approves design applications for various elements, including: commercial buildings, signage, fences, + lighting to ensure compliance with the city''s Old World Bavarian Theme ordinance and maintain the cohesive visual identity of Der Town.', '2025-12-24', NULL, '15:00:00', '17:00:00', 'd10fa912-0405-4d8d-be21-0e868874622f', '4c8f94d6-1833-4610-a376-84bc7cb9a6c6', NULL, 'https://cityofleavenworth.com/your-city-hall/boards-commissions/design-review-board/', NULL, '16f2b4de-2ffd-4b1b-9b9d-ac21f298b0a5', NULL, NULL, 'https://cityofleavenworth.com/cdn-cgi/image/width%3D1024%2Cheight%3D1024%2Cfit%3Dcrop%2Cquality%3D80%2Cformat%3Dauto%2Conerror%3Dredirect%2Cmetadata%3Dnone/wp-content/uploads/2021/10/IMG_7600.jpg', false, NULL, false, false, NULL, 'approved', NULL, '2025-07-23 21:44:06.832551+00', '2025-07-23 22:14:32.085235+00', NULL, NULL, 'Watercolor-styled image of a three-story building with a Bavarian theme and flower boxes'),
	('daef00e7-11c9-4496-a95d-85ed2d92d574', 'Design Review Board', 'The Design Review Board reviews and approves design applications for various elements, including: commercial buildings, signage, fences, + lighting to ensure compliance with the city''s Old World Bavarian Theme ordinance and maintain the cohesive visual identity of Der Town.', '2025-10-22', NULL, '15:00:00', '17:00:00', 'd10fa912-0405-4d8d-be21-0e868874622f', '4c8f94d6-1833-4610-a376-84bc7cb9a6c6', NULL, 'https://cityofleavenworth.com/your-city-hall/boards-commissions/design-review-board/', NULL, '16f2b4de-2ffd-4b1b-9b9d-ac21f298b0a5', NULL, NULL, 'https://cityofleavenworth.com/cdn-cgi/image/width%3D1024%2Cheight%3D1024%2Cfit%3Dcrop%2Cquality%3D80%2Cformat%3Dauto%2Conerror%3Dredirect%2Cmetadata%3Dnone/wp-content/uploads/2021/10/IMG_7600.jpg', false, NULL, false, false, NULL, 'approved', NULL, '2025-07-23 21:44:06.832551+00', '2025-07-23 22:14:36.612786+00', NULL, NULL, 'Watercolor-styled image of a three-story building with a Bavarian theme and flower boxes'),
	('7d67437f-6ad0-4814-8cdc-61aa35492d3b', 'City Council Meeting', 'Biweekly City Council Meetings begin "study session" which seeks to inform Council Members and the public about various important issues with the formal meeting starting at 7:00PM', '2025-10-14', NULL, '17:30:00', '20:00:00', 'd10fa912-0405-4d8d-be21-0e868874622f', '4c8f94d6-1833-4610-a376-84bc7cb9a6c6', NULL, 'https://cityofleavenworth.com/your-city-hall/city-council/', NULL, '16f2b4de-2ffd-4b1b-9b9d-ac21f298b0a5', NULL, NULL, 'https://upload.wikimedia.org/wikipedia/commons/5/51/Leavenworth_City_Hall.JPG', false, NULL, false, false, NULL, 'approved', NULL, '2025-07-23 21:47:55.313678+00', '2025-07-23 22:14:37.099825+00', NULL, NULL, 'The Leavenworth City Hall Building with patchy snow in yard and sign in bavarian theme saying "Leavenworth, Lions Club Park"'),
	('1a2d5661-be64-45b6-9475-6311e982ba9c', 'Design Review Board', 'The Design Review Board reviews and approves design applications for various elements, including: commercial buildings, signage, fences, + lighting to ensure compliance with the city''s Old World Bavarian Theme ordinance and maintain the cohesive visual identity of Der Town.', '2026-01-28', NULL, '15:00:00', '17:00:00', 'd10fa912-0405-4d8d-be21-0e868874622f', '4c8f94d6-1833-4610-a376-84bc7cb9a6c6', NULL, 'https://cityofleavenworth.com/your-city-hall/boards-commissions/design-review-board/', NULL, '16f2b4de-2ffd-4b1b-9b9d-ac21f298b0a5', NULL, NULL, 'https://cityofleavenworth.com/cdn-cgi/image/width%3D1024%2Cheight%3D1024%2Cfit%3Dcrop%2Cquality%3D80%2Cformat%3Dauto%2Conerror%3Dredirect%2Cmetadata%3Dnone/wp-content/uploads/2021/10/IMG_7600.jpg', false, NULL, false, false, NULL, 'approved', NULL, '2025-07-23 21:44:06.832551+00', '2025-07-23 22:14:44.602173+00', NULL, NULL, 'Watercolor-styled image of a three-story building with a Bavarian theme and flower boxes'),
	('cfbc5d07-0adb-4082-a69f-f0516a62516d', 'Icicle Creek Outdoor Film Series', NULL, '2025-08-07', '2025-08-28', NULL, NULL, '6e0b075a-c369-477d-8804-d09f175f7f99', 'a5bc78aa-6d8c-4c19-8ee6-2fd507082c03', NULL, 'https://icicle.org/find-events/', NULL, 'e46ab7a2-26d1-4038-8573-e22d32c1b799', NULL, NULL, NULL, false, NULL, true, false, NULL, 'approved', NULL, '2025-07-24 20:19:03.008897+00', '2025-07-24 22:23:09.382125+00', NULL, NULL, NULL),
	('871a344e-c9da-4a72-a22d-fbbb24179d46', 'Upper Valley PSRA Board Meeting', ' The Upper Valley Parks and Recreation Service Area provides recreational activities and facilities to enhance the quality of life of everyone.', '2025-09-11', NULL, '15:00:00', '17:00:00', 'd10fa912-0405-4d8d-be21-0e868874622f', '4c8f94d6-1833-4610-a376-84bc7cb9a6c6', NULL, 'https://cityofleavenworth.com/events/prsa-board-meeting-49/', NULL, '16f2b4de-2ffd-4b1b-9b9d-ac21f298b0a5', NULL, NULL, NULL, false, NULL, false, false, NULL, 'approved', NULL, '2025-07-23 22:00:59.330067+00', '2025-07-23 22:00:59.330067+00', NULL, NULL, NULL),
	('f83eab95-1175-4368-90fe-25a54dd492f1', 'Parking Advisory Committee', 'The Parking Advisory Committee is charged with evaluating how both public and private parking spaces are utilized,  identify issues and then responding with appropriate policies and management strategies that align with community objectives.', '2025-09-18', NULL, '16:00:00', '18:00:00', 'd10fa912-0405-4d8d-be21-0e868874622f', '4c8f94d6-1833-4610-a376-84bc7cb9a6c6', NULL, 'https://cityofleavenworth.com/your-city-hall/parking-advisory-committee/', NULL, '16f2b4de-2ffd-4b1b-9b9d-ac21f298b0a5', NULL, NULL, 'https://cityofleavenworth.com/wp-content/uploads/2024/02/GLACIER-PROP-FIGURE.jpg', false, NULL, false, false, NULL, 'approved', NULL, '2025-07-23 21:50:40.334811+00', '2025-07-23 22:14:26.751731+00', NULL, NULL, 'Site plans for the glacier parking lot in Leavenworth'),
	('8cfbf5e1-f703-49d0-8c77-3406a9302c6c', 'Parking Advisory Committee', 'The Parking Advisory Committee is charged with evaluating how both public and private parking spaces are utilized,  identify issues and then responding with appropriate policies and management strategies that align with community objectives.', '2025-12-18', NULL, '16:00:00', '18:00:00', 'd10fa912-0405-4d8d-be21-0e868874622f', '4c8f94d6-1833-4610-a376-84bc7cb9a6c6', NULL, 'https://cityofleavenworth.com/your-city-hall/parking-advisory-committee/', NULL, '16f2b4de-2ffd-4b1b-9b9d-ac21f298b0a5', NULL, NULL, 'https://cityofleavenworth.com/wp-content/uploads/2024/02/GLACIER-PROP-FIGURE.jpg', false, NULL, false, false, NULL, 'approved', NULL, '2025-07-23 21:50:40.334811+00', '2025-07-23 22:14:32.550858+00', NULL, NULL, 'Site plans for the glacier parking lot in Leavenworth'),
	('852473e0-5806-48e6-82fe-41a68f302c51', 'City Council Meeting', 'Biweekly City Council Meetings begin "study session" which seeks to inform Council Members and the public about various important issues with the formal meeting starting at 7:00PM', '2025-12-09', NULL, '17:30:00', '20:00:00', 'd10fa912-0405-4d8d-be21-0e868874622f', '4c8f94d6-1833-4610-a376-84bc7cb9a6c6', NULL, 'https://cityofleavenworth.com/your-city-hall/city-council/', NULL, '16f2b4de-2ffd-4b1b-9b9d-ac21f298b0a5', NULL, NULL, 'https://upload.wikimedia.org/wikipedia/commons/5/51/Leavenworth_City_Hall.JPG', false, NULL, false, false, NULL, 'approved', NULL, '2025-07-23 21:47:55.313678+00', '2025-07-23 22:14:33.021488+00', NULL, NULL, 'The Leavenworth City Hall Building with patchy snow in yard and sign in bavarian theme saying "Leavenworth, Lions Club Park"'),
	('4c95b822-8983-49b4-ab00-f04ee5ab7a86', 'Parking Advisory Committee', 'The Parking Advisory Committee is charged with evaluating how both public and private parking spaces are utilized,  identify issues and then responding with appropriate policies and management strategies that align with community objectives.', '2025-11-20', NULL, '16:00:00', '18:00:00', 'd10fa912-0405-4d8d-be21-0e868874622f', '4c8f94d6-1833-4610-a376-84bc7cb9a6c6', NULL, 'https://cityofleavenworth.com/your-city-hall/parking-advisory-committee/', NULL, '16f2b4de-2ffd-4b1b-9b9d-ac21f298b0a5', NULL, NULL, 'https://cityofleavenworth.com/wp-content/uploads/2024/02/GLACIER-PROP-FIGURE.jpg', false, NULL, false, false, NULL, 'approved', NULL, '2025-07-23 21:50:40.334811+00', '2025-07-23 22:14:33.484962+00', NULL, NULL, 'Site plans for the glacier parking lot in Leavenworth'),
	('1a01b6d4-dbbc-49d8-afb4-6506e58b420d', 'City Council Meeting', 'Biweekly City Council Meetings begin "study session" which seeks to inform Council Members and the public about various important issues with the formal meeting starting at 7:00PM', '2025-11-11', NULL, '17:30:00', '20:00:00', 'd10fa912-0405-4d8d-be21-0e868874622f', '4c8f94d6-1833-4610-a376-84bc7cb9a6c6', NULL, 'https://cityofleavenworth.com/your-city-hall/city-council/', NULL, '16f2b4de-2ffd-4b1b-9b9d-ac21f298b0a5', NULL, NULL, 'https://upload.wikimedia.org/wikipedia/commons/5/51/Leavenworth_City_Hall.JPG', false, NULL, false, false, NULL, 'approved', NULL, '2025-07-23 21:47:55.313678+00', '2025-07-23 22:14:33.944259+00', NULL, NULL, 'The Leavenworth City Hall Building with patchy snow in yard and sign in bavarian theme saying "Leavenworth, Lions Club Park"'),
	('f68e5af7-a6b5-4eee-9647-1cfa06dc5473', 'Parking Advisory Committee', 'The Parking Advisory Committee is charged with evaluating how both public and private parking spaces are utilized,  identify issues and then responding with appropriate policies and management strategies that align with community objectives.', '2025-10-16', NULL, '16:00:00', '18:00:00', 'd10fa912-0405-4d8d-be21-0e868874622f', '4c8f94d6-1833-4610-a376-84bc7cb9a6c6', NULL, 'https://cityofleavenworth.com/your-city-hall/parking-advisory-committee/', NULL, '16f2b4de-2ffd-4b1b-9b9d-ac21f298b0a5', NULL, NULL, 'https://cityofleavenworth.com/wp-content/uploads/2024/02/GLACIER-PROP-FIGURE.jpg', false, NULL, false, false, NULL, 'approved', NULL, '2025-07-23 21:50:40.334811+00', '2025-07-23 22:14:36.876827+00', NULL, NULL, 'Site plans for the glacier parking lot in Leavenworth'),
	('e0e11698-8dd7-4183-8278-bde864faf996', 'Housing Advisory Committee', 'Citizen-led advisory board dedicated to addressing the city''s housing challenges and opportunities and provide recommendations to the City Council on relevant matters such as: allocation of city funds for housing initiatives, funding options for land acquisition and housing construction, evaluation of housing development projects requesting city support, and infrastructure improvements that facilitate diverse housing options.', '2025-09-25', NULL, '15:00:00', '17:00:00', 'd10fa912-0405-4d8d-be21-0e868874622f', '4c8f94d6-1833-4610-a376-84bc7cb9a6c6', NULL, 'https://cityofleavenworth.com/your-city-hall/boards-commissions/housing-advisory-committee/', NULL, '16f2b4de-2ffd-4b1b-9b9d-ac21f298b0a5', NULL, NULL, 'https://indivstock.com/static54/preview1/stock-photo-aerial-view-of-leavenworth-washington-at-sunrise-in-december-1103480.jpg', false, NULL, false, false, NULL, 'approved', NULL, '2025-07-23 21:54:18.385687+00', '2025-07-23 22:14:39.027925+00', NULL, NULL, 'Aerial view of Leavenworth WA showing snow on the ground and dark winter storm sky.'),
	('37b0c715-4624-48d0-8088-5c8048a7e1fb', 'City Council Meeting', 'Biweekly City Council Meetings begin "study session" which seeks to inform Council Members and the public about various important issues with the formal meeting starting at 7:00PM', '2026-01-13', NULL, '17:30:00', '20:00:00', 'd10fa912-0405-4d8d-be21-0e868874622f', '4c8f94d6-1833-4610-a376-84bc7cb9a6c6', NULL, 'https://cityofleavenworth.com/your-city-hall/city-council/', NULL, '16f2b4de-2ffd-4b1b-9b9d-ac21f298b0a5', NULL, NULL, 'https://upload.wikimedia.org/wikipedia/commons/5/51/Leavenworth_City_Hall.JPG', false, NULL, false, false, NULL, 'approved', NULL, '2025-07-23 21:47:55.313678+00', '2025-07-23 22:14:40.177057+00', NULL, NULL, 'The Leavenworth City Hall Building with patchy snow in yard and sign in bavarian theme saying "Leavenworth, Lions Club Park"'),
	('d10cf53f-5fe1-45df-9555-bd66c54ca9f3', 'Parking Advisory Committee', 'The Parking Advisory Committee is charged with evaluating how both public and private parking spaces are utilized,  identify issues and then responding with appropriate policies and management strategies that align with community objectives.', '2026-01-15', NULL, '16:00:00', '18:00:00', 'd10fa912-0405-4d8d-be21-0e868874622f', '4c8f94d6-1833-4610-a376-84bc7cb9a6c6', NULL, 'https://cityofleavenworth.com/your-city-hall/parking-advisory-committee/', NULL, '16f2b4de-2ffd-4b1b-9b9d-ac21f298b0a5', NULL, NULL, 'https://cityofleavenworth.com/wp-content/uploads/2024/02/GLACIER-PROP-FIGURE.jpg', false, NULL, false, false, NULL, 'approved', NULL, '2025-07-23 21:50:40.334811+00', '2025-07-23 22:14:40.469838+00', NULL, NULL, 'Site plans for the glacier parking lot in Leavenworth'),
	('69cc9397-b7d9-4d8f-979a-5da8f5320527', 'Alpenglo Garden Club', ' TBD', '2025-08-11', NULL, '17:00:00', '18:00:00', 'ad12dd0c-7ba3-49ff-8591-e93ea3f117ef', '618862e9-4476-4ade-8922-ff3b4c5f14db', NULL, 'https://alpengloliving.com/pages/workshops', NULL, '4105b94f-140c-4fc1-9137-deb9e99d5376', 'b93da678-d591-4abe-ab59-f38ce470bd26', NULL, 'https://cdn.shopify.com/s/files/1/0597/7764/6663/files/Screenshot_2025-06-18_at_3.16.04_PM.png?v=1750284980', false, '6fb3a9a0-55b6-44b8-991f-f363a143d31e', false, false, NULL, 'approved', NULL, '2025-07-17 00:10:08.767155+00', '2025-07-24 22:30:59.971302+00', NULL, NULL, 'small wooden greenhouse with picked flowers stacked outside'),
	('25a08c84-16bf-4bf0-b885-d37ed42cb475', 'Carousel', 'The Roger''s and Hammerstein classic, performed at scenic Ski Hill Amphitheater.', '2025-08-07', NULL, '20:00:00', '22:15:00', '902ffb08-d561-4ddf-bb5f-b798aa7a66b8', 'ec374569-7a4c-4fb7-9374-1abcd6bfa620', NULL, 'https://leavenworthsummertheater.org/carousel', 'https://app.arts-people.com/index.php?actions=4&p=1', 'e46ab7a2-26d1-4038-8573-e22d32c1b799', NULL, NULL, 'https://images.squarespace-cdn.com/content/v1/5f6ba16e63f3867a847921d4/eb36915e-1d23-41bb-a5c7-76e499c878c3/Carousel.png?format=750w', false, NULL, false, true, '$14-40', 'approved', NULL, '2025-07-24 21:50:51.589191+00', '2025-07-24 22:24:14.647848+00', NULL, NULL, NULL),
	('5ee25175-9df4-4845-9468-49c907cddf0d', 'City Council Meeting', 'Biweekly City Council Meetings begin "study session" which seeks to inform Council Members and the public about various important issues with the formal meeting starting at 7:00PM', '2025-08-12', NULL, '17:30:00', '20:00:00', 'd10fa912-0405-4d8d-be21-0e868874622f', '4c8f94d6-1833-4610-a376-84bc7cb9a6c6', NULL, 'https://cityofleavenworth.com/your-city-hall/city-council/', NULL, '16f2b4de-2ffd-4b1b-9b9d-ac21f298b0a5', NULL, NULL, 'https://upload.wikimedia.org/wikipedia/commons/5/51/Leavenworth_City_Hall.JPG', false, NULL, false, false, NULL, 'approved', NULL, '2025-07-23 21:47:55.313678+00', '2025-07-23 22:14:21.744313+00', NULL, NULL, 'The Leavenworth City Hall Building with patchy snow in yard and sign in bavarian theme saying "Leavenworth, Lions Club Park"'),
	('d83bc626-c653-4367-9afd-053c7035a187', 'Housing Advisory Committee', 'A Downtown Steering Committee is a citizen advisory board established in to oversee streetscape, tourism, and park improvements within the Leavenworth Commercial District.', '2025-09-23', NULL, '10:00:00', '12:00:00', 'd10fa912-0405-4d8d-be21-0e868874622f', '4c8f94d6-1833-4610-a376-84bc7cb9a6c6', NULL, 'https://cityofleavenworth.com/your-city-hall/downtown-steering-committee/', NULL, '16f2b4de-2ffd-4b1b-9b9d-ac21f298b0a5', NULL, NULL, 'https://tse3.mm.bing.net/th?id=OIP.u5zOsStLG9fkD7OFLWHP0QHaE6&w=314&h=314&c=7', false, NULL, false, false, NULL, 'approved', NULL, '2025-07-23 21:56:32.614613+00', '2025-07-23 22:14:27.19764+00', NULL, NULL, 'Front Street in Leavenworth in springtime with flower boxes and people walking in the street'),
	('fad8a48d-f3c7-4e41-ac05-ddbc856f36a7', 'Housing Advisory Committee', 'A Downtown Steering Committee is a citizen advisory board established in to oversee streetscape, tourism, and park improvements within the Leavenworth Commercial District.', '2025-11-25', NULL, '10:00:00', '12:00:00', 'd10fa912-0405-4d8d-be21-0e868874622f', '4c8f94d6-1833-4610-a376-84bc7cb9a6c6', NULL, 'https://cityofleavenworth.com/your-city-hall/downtown-steering-committee/', NULL, '16f2b4de-2ffd-4b1b-9b9d-ac21f298b0a5', NULL, NULL, 'https://tse3.mm.bing.net/th?id=OIP.u5zOsStLG9fkD7OFLWHP0QHaE6&w=314&h=314&c=7', false, NULL, false, false, NULL, 'approved', NULL, '2025-07-23 21:56:32.614613+00', '2025-07-23 22:14:28.371018+00', NULL, NULL, 'Front Street in Leavenworth in springtime with flower boxes and people walking in the street'),
	('e95d524c-d258-4e92-ad93-937d1d76e41d', 'Housing Advisory Committee', 'A Downtown Steering Committee is a citizen advisory board established in to oversee streetscape, tourism, and park improvements within the Leavenworth Commercial District.', '2025-12-23', NULL, '10:00:00', '12:00:00', 'd10fa912-0405-4d8d-be21-0e868874622f', '4c8f94d6-1833-4610-a376-84bc7cb9a6c6', NULL, 'https://cityofleavenworth.com/your-city-hall/downtown-steering-committee/', NULL, '16f2b4de-2ffd-4b1b-9b9d-ac21f298b0a5', NULL, NULL, 'https://tse3.mm.bing.net/th?id=OIP.u5zOsStLG9fkD7OFLWHP0QHaE6&w=314&h=314&c=7', false, NULL, false, false, NULL, 'approved', NULL, '2025-07-23 21:56:32.614613+00', '2025-07-23 22:14:29.767297+00', NULL, NULL, 'Front Street in Leavenworth in springtime with flower boxes and people walking in the street'),
	('7c0fc957-59c2-4ea0-9882-cf5755936d80', 'Housing Advisory Committee', 'Citizen-led advisory board dedicated to addressing the city''s housing challenges and opportunities and provide recommendations to the City Council on relevant matters such as: allocation of city funds for housing initiatives, funding options for land acquisition and housing construction, evaluation of housing development projects requesting city support, and infrastructure improvements that facilitate diverse housing options.', '2025-12-25', NULL, '15:00:00', '17:00:00', 'd10fa912-0405-4d8d-be21-0e868874622f', '4c8f94d6-1833-4610-a376-84bc7cb9a6c6', NULL, 'https://cityofleavenworth.com/your-city-hall/boards-commissions/housing-advisory-committee/', NULL, '16f2b4de-2ffd-4b1b-9b9d-ac21f298b0a5', NULL, NULL, 'https://indivstock.com/static54/preview1/stock-photo-aerial-view-of-leavenworth-washington-at-sunrise-in-december-1103480.jpg', false, NULL, false, false, NULL, 'approved', NULL, '2025-07-23 21:54:18.385687+00', '2025-07-23 22:14:31.620985+00', NULL, NULL, 'Aerial view of Leavenworth WA showing snow on the ground and dark winter storm sky.'),
	('b8dd358a-8e79-467e-aee5-590b2e97797e', 'Housing Advisory Committee', 'A Downtown Steering Committee is a citizen advisory board established in to oversee streetscape, tourism, and park improvements within the Leavenworth Commercial District.', '2025-10-28', NULL, '10:00:00', '12:00:00', 'd10fa912-0405-4d8d-be21-0e868874622f', '4c8f94d6-1833-4610-a376-84bc7cb9a6c6', NULL, 'https://cityofleavenworth.com/your-city-hall/downtown-steering-committee/', NULL, '16f2b4de-2ffd-4b1b-9b9d-ac21f298b0a5', NULL, NULL, 'https://tse3.mm.bing.net/th?id=OIP.u5zOsStLG9fkD7OFLWHP0QHaE6&w=314&h=314&c=7', false, NULL, false, false, NULL, 'approved', NULL, '2025-07-23 21:56:32.614613+00', '2025-07-23 22:14:34.446312+00', NULL, NULL, 'Front Street in Leavenworth in springtime with flower boxes and people walking in the street'),
	('16d31728-19e6-4536-8334-ae690c27b425', 'Housing Advisory Committee', 'Citizen-led advisory board dedicated to addressing the city''s housing challenges and opportunities and provide recommendations to the City Council on relevant matters such as: allocation of city funds for housing initiatives, funding options for land acquisition and housing construction, evaluation of housing development projects requesting city support, and infrastructure improvements that facilitate diverse housing options.', '2025-10-23', NULL, '15:00:00', '17:00:00', 'd10fa912-0405-4d8d-be21-0e868874622f', '4c8f94d6-1833-4610-a376-84bc7cb9a6c6', NULL, 'https://cityofleavenworth.com/your-city-hall/boards-commissions/housing-advisory-committee/', NULL, '16f2b4de-2ffd-4b1b-9b9d-ac21f298b0a5', NULL, NULL, 'https://indivstock.com/static54/preview1/stock-photo-aerial-view-of-leavenworth-washington-at-sunrise-in-december-1103480.jpg', false, NULL, false, false, NULL, 'approved', NULL, '2025-07-23 21:54:18.385687+00', '2025-07-23 22:14:34.921963+00', NULL, NULL, 'Aerial view of Leavenworth WA showing snow on the ground and dark winter storm sky.'),
	('86df28d8-d42b-4737-86d2-9e240eb08d81', 'Housing Advisory Committee', 'Citizen-led advisory board dedicated to addressing the city''s housing challenges and opportunities and provide recommendations to the City Council on relevant matters such as: allocation of city funds for housing initiatives, funding options for land acquisition and housing construction, evaluation of housing development projects requesting city support, and infrastructure improvements that facilitate diverse housing options.', '2026-01-22', NULL, '15:00:00', '17:00:00', 'd10fa912-0405-4d8d-be21-0e868874622f', '4c8f94d6-1833-4610-a376-84bc7cb9a6c6', NULL, 'https://cityofleavenworth.com/your-city-hall/boards-commissions/housing-advisory-committee/', NULL, '16f2b4de-2ffd-4b1b-9b9d-ac21f298b0a5', NULL, NULL, 'https://indivstock.com/static54/preview1/stock-photo-aerial-view-of-leavenworth-washington-at-sunrise-in-december-1103480.jpg', false, NULL, false, false, NULL, 'approved', NULL, '2025-07-23 21:54:18.385687+00', '2025-07-23 22:14:40.705378+00', NULL, NULL, 'Aerial view of Leavenworth WA showing snow on the ground and dark winter storm sky.'),
	('bf93bead-8813-4560-b09b-d667b3d5fef5', 'Housing Advisory Committee', 'A Downtown Steering Committee is a citizen advisory board established in to oversee streetscape, tourism, and park improvements within the Leavenworth Commercial District.', '2026-01-27', NULL, '10:00:00', '12:00:00', 'd10fa912-0405-4d8d-be21-0e868874622f', '4c8f94d6-1833-4610-a376-84bc7cb9a6c6', NULL, 'https://cityofleavenworth.com/your-city-hall/downtown-steering-committee/', NULL, '16f2b4de-2ffd-4b1b-9b9d-ac21f298b0a5', NULL, NULL, 'https://tse3.mm.bing.net/th?id=OIP.u5zOsStLG9fkD7OFLWHP0QHaE6&w=314&h=314&c=7', false, NULL, false, false, NULL, 'approved', NULL, '2025-07-23 21:56:32.614613+00', '2025-07-23 22:14:40.982015+00', NULL, NULL, 'Front Street in Leavenworth in springtime with flower boxes and people walking in the street'),
	('644ed53b-d7c2-463d-afee-256cf8b9f513', 'Design Review Board', 'The Design Review Board reviews and approves design applications for various elements, including: commercial buildings, signage, fences, + lighting to ensure compliance with the city''s Old World Bavarian Theme ordinance and maintain the cohesive visual identity of Der Town.', '2025-08-13', NULL, '15:00:00', '17:00:00', 'd10fa912-0405-4d8d-be21-0e868874622f', '4c8f94d6-1833-4610-a376-84bc7cb9a6c6', NULL, 'https://cityofleavenworth.com/your-city-hall/boards-commissions/design-review-board/', NULL, '16f2b4de-2ffd-4b1b-9b9d-ac21f298b0a5', NULL, NULL, 'https://cityofleavenworth.com/cdn-cgi/image/width%3D1024%2Cheight%3D1024%2Cfit%3Dcrop%2Cquality%3D80%2Cformat%3Dauto%2Conerror%3Dredirect%2Cmetadata%3Dnone/wp-content/uploads/2021/10/IMG_7600.jpg', false, NULL, false, false, NULL, 'approved', NULL, '2025-07-23 21:43:28.508567+00', '2025-07-23 22:14:22.015105+00', NULL, NULL, 'Watercolor-styled image of a three-story building with a Bavarian theme and flower boxes'),
	('adbfd7be-3e19-46a9-b8b1-0bf390a8a6e8', 'Parking Advisory Committee', 'The Parking Advisory Committee is charged with evaluating how both public and private parking spaces are utilized,  identify issues and then responding with appropriate policies and management strategies that align with community objectives.', '2025-08-21', NULL, '16:00:00', '18:00:00', 'd10fa912-0405-4d8d-be21-0e868874622f', '4c8f94d6-1833-4610-a376-84bc7cb9a6c6', NULL, 'https://cityofleavenworth.com/your-city-hall/parking-advisory-committee/', NULL, '16f2b4de-2ffd-4b1b-9b9d-ac21f298b0a5', NULL, NULL, 'https://cityofleavenworth.com/wp-content/uploads/2024/02/GLACIER-PROP-FIGURE.jpg', false, NULL, false, false, NULL, 'approved', NULL, '2025-07-23 21:50:40.334811+00', '2025-07-23 22:14:24.8444+00', NULL, NULL, 'Site plans for the glacier parking lot in Leavenworth'),
	('9f690303-0f1f-4f0e-b845-c631aba500c0', 'Housing Advisory Committee', 'A Downtown Steering Committee is a citizen advisory board established in to oversee streetscape, tourism, and park improvements within the Leavenworth Commercial District.', '2025-08-26', NULL, '10:00:00', '12:00:00', 'd10fa912-0405-4d8d-be21-0e868874622f', '4c8f94d6-1833-4610-a376-84bc7cb9a6c6', NULL, 'https://cityofleavenworth.com/your-city-hall/downtown-steering-committee/', NULL, '16f2b4de-2ffd-4b1b-9b9d-ac21f298b0a5', NULL, NULL, 'https://tse3.mm.bing.net/th?id=OIP.u5zOsStLG9fkD7OFLWHP0QHaE6&w=314&h=314&c=7', false, NULL, false, false, NULL, 'approved', NULL, '2025-07-23 21:56:32.614613+00', '2025-07-23 22:14:25.321548+00', NULL, NULL, 'Front Street in Leavenworth in springtime with flower boxes and people walking in the street'),
	('4b585df9-08f6-400e-9c05-4d716d3f7be0', 'Design Review Board', 'The Design Review Board reviews and approves design applications for various elements, including: commercial buildings, signage, fences, + lighting to ensure compliance with the city''s Old World Bavarian Theme ordinance and maintain the cohesive visual identity of Der Town.', '2025-08-27', NULL, '15:00:00', '17:00:00', 'd10fa912-0405-4d8d-be21-0e868874622f', '4c8f94d6-1833-4610-a376-84bc7cb9a6c6', NULL, 'https://cityofleavenworth.com/your-city-hall/boards-commissions/design-review-board/', NULL, '16f2b4de-2ffd-4b1b-9b9d-ac21f298b0a5', NULL, NULL, 'https://cityofleavenworth.com/cdn-cgi/image/width%3D1024%2Cheight%3D1024%2Cfit%3Dcrop%2Cquality%3D80%2Cformat%3Dauto%2Conerror%3Dredirect%2Cmetadata%3Dnone/wp-content/uploads/2021/10/IMG_7600.jpg', false, NULL, false, false, NULL, 'approved', NULL, '2025-07-23 21:44:06.832551+00', '2025-07-23 22:14:25.568859+00', NULL, NULL, 'Watercolor-styled image of a three-story building with a Bavarian theme and flower boxes'),
	('7e8c5a0b-07a3-43a7-997e-a7d14f8c3ec2', 'Housing Advisory Committee', 'Citizen-led advisory board dedicated to addressing the city''s housing challenges and opportunities and provide recommendations to the City Council on relevant matters such as: allocation of city funds for housing initiatives, funding options for land acquisition and housing construction, evaluation of housing development projects requesting city support, and infrastructure improvements that facilitate diverse housing options.', '2025-08-28', NULL, '15:00:00', '17:00:00', 'd10fa912-0405-4d8d-be21-0e868874622f', '4c8f94d6-1833-4610-a376-84bc7cb9a6c6', NULL, 'https://cityofleavenworth.com/your-city-hall/boards-commissions/housing-advisory-committee/', NULL, '16f2b4de-2ffd-4b1b-9b9d-ac21f298b0a5', NULL, NULL, 'https://indivstock.com/static54/preview1/stock-photo-aerial-view-of-leavenworth-washington-at-sunrise-in-december-1103480.jpg', false, NULL, false, false, NULL, 'approved', NULL, '2025-07-23 21:54:18.385687+00', '2025-07-23 22:14:25.786698+00', NULL, NULL, 'Aerial view of Leavenworth WA showing snow on the ground and dark winter storm sky.'),
	('6a29469b-9cd6-4b6e-bd25-fe732ceb4ff6', 'Design Review Board', 'The Design Review Board reviews and approves design applications for various elements, including: commercial buildings, signage, fences, + lighting to ensure compliance with the city''s Old World Bavarian Theme ordinance and maintain the cohesive visual identity of Der Town.', '2025-11-26', NULL, '15:00:00', '17:00:00', 'd10fa912-0405-4d8d-be21-0e868874622f', '4c8f94d6-1833-4610-a376-84bc7cb9a6c6', NULL, 'https://cityofleavenworth.com/your-city-hall/boards-commissions/design-review-board/', NULL, '16f2b4de-2ffd-4b1b-9b9d-ac21f298b0a5', NULL, NULL, 'https://cityofleavenworth.com/cdn-cgi/image/width%3D1024%2Cheight%3D1024%2Cfit%3Dcrop%2Cquality%3D80%2Cformat%3Dauto%2Conerror%3Dredirect%2Cmetadata%3Dnone/wp-content/uploads/2021/10/IMG_7600.jpg', false, NULL, false, false, NULL, 'approved', NULL, '2025-07-23 21:44:06.832551+00', '2025-07-23 22:14:28.63345+00', NULL, NULL, 'Watercolor-styled image of a three-story building with a Bavarian theme and flower boxes'),
	('3b143ce1-1fe8-4fa2-91c7-cb0bda127839', 'Housing Advisory Committee', 'Citizen-led advisory board dedicated to addressing the city''s housing challenges and opportunities and provide recommendations to the City Council on relevant matters such as: allocation of city funds for housing initiatives, funding options for land acquisition and housing construction, evaluation of housing development projects requesting city support, and infrastructure improvements that facilitate diverse housing options.', '2025-11-27', NULL, '15:00:00', '17:00:00', 'd10fa912-0405-4d8d-be21-0e868874622f', '4c8f94d6-1833-4610-a376-84bc7cb9a6c6', NULL, 'https://cityofleavenworth.com/your-city-hall/boards-commissions/housing-advisory-committee/', NULL, '16f2b4de-2ffd-4b1b-9b9d-ac21f298b0a5', NULL, NULL, 'https://indivstock.com/static54/preview1/stock-photo-aerial-view-of-leavenworth-washington-at-sunrise-in-december-1103480.jpg', false, NULL, false, false, NULL, 'approved', NULL, '2025-07-23 21:54:18.385687+00', '2025-07-23 22:14:28.904816+00', NULL, NULL, 'Aerial view of Leavenworth WA showing snow on the ground and dark winter storm sky.'),
	('d0cac7b9-deef-4c01-816d-75d458faabc1', 'City Council Meeting', 'Biweekly City Council Meetings begin "study session" which seeks to inform Council Members and the public about various important issues with the formal meeting starting at 7:00PM', '2025-12-23', NULL, '17:30:00', '20:00:00', 'd10fa912-0405-4d8d-be21-0e868874622f', '4c8f94d6-1833-4610-a376-84bc7cb9a6c6', NULL, 'https://cityofleavenworth.com/your-city-hall/city-council/', NULL, '16f2b4de-2ffd-4b1b-9b9d-ac21f298b0a5', NULL, NULL, 'https://upload.wikimedia.org/wikipedia/commons/5/51/Leavenworth_City_Hall.JPG', false, NULL, false, false, NULL, 'approved', NULL, '2025-07-23 21:47:47.866217+00', '2025-07-23 22:14:32.389338+00', NULL, NULL, 'The Leavenworth City Hall Building with patchy snow in yard and sign in bavarian theme saying "Leavenworth, Lions Club Park"'),
	('db572060-fa30-4cfd-b83a-2caf36886a2b', 'City Council Meeting', 'Biweekly City Council Meetings begin "study session" which seeks to inform Council Members and the public about various important issues with the formal meeting starting at 7:00PM', '2026-01-27', NULL, '17:30:00', '20:00:00', 'd10fa912-0405-4d8d-be21-0e868874622f', '4c8f94d6-1833-4610-a376-84bc7cb9a6c6', NULL, 'https://cityofleavenworth.com/your-city-hall/city-council/', NULL, '16f2b4de-2ffd-4b1b-9b9d-ac21f298b0a5', NULL, NULL, 'https://upload.wikimedia.org/wikipedia/commons/5/51/Leavenworth_City_Hall.JPG', false, NULL, false, false, NULL, 'approved', NULL, '2025-07-23 21:47:47.866217+00', '2025-07-23 22:14:44.333982+00', NULL, NULL, 'The Leavenworth City Hall Building with patchy snow in yard and sign in bavarian theme saying "Leavenworth, Lions Club Park"'),
	('0b7e00ad-86ce-4caa-b030-254e757cbeb6', 'Twelfth Night', NULL, '2025-08-09', NULL, '19:30:00', NULL, '6e0b075a-c369-477d-8804-d09f175f7f99', 'a5bc78aa-6d8c-4c19-8ee6-2fd507082c03', NULL, 'https://icicle.my.salesforce-sites.com/ticket/#/events/a0SPH0000091Ix02AE', NULL, 'e46ab7a2-26d1-4038-8573-e22d32c1b799', NULL, NULL, 'https://icicle.org/userfiles/Twelfth-Night-.jpg', false, NULL, false, false, '$15-25', 'approved', NULL, '2025-07-24 21:36:03.945878+00', '2025-07-24 22:33:33.766715+00', NULL, NULL, NULL),
	('f1072538-515e-4cab-a605-90fdd0cae6fc', 'Birding by the River', 'Go birding with staff from the Wenatchee River Institute at our campus by the Wenatchee River! All birding skill levels are welcome.  We have loaner binoculars that you can borrow.

Trail difficulty level: beginner
Trail is wide enough for ADA access, but trails are gravel
Bathrooms available at the start and end of the walk

Meet outside the River Haus at 8am.', '2025-08-28', NULL, '08:00:00', '10:00:00', '1364abf8-2535-4674-b438-3066b3b7ee64', 'cc1fdad6-0e8a-424a-be08-d169e1a50ab4', NULL, 'https://wenatcheeriverinstitute.org/event-calendar.html/event/2025/08/28/birding-by-the-river/525989', NULL, '4105b94f-140c-4fc1-9137-deb9e99d5376', NULL, NULL, 'https://cdn.firespring.com/images/8d0996b9-c921-45ca-a9f6-f41c5bf0bfc1.png', false, NULL, false, false, 'Free', 'approved', NULL, '2025-07-23 22:33:09.847569+00', '2025-07-23 22:33:09.847569+00', NULL, NULL, 'A drawing of a white-headed woodpecker with trees and sky in the background.'),
	('4ba438e4-7feb-4e37-bd12-f22520698cb7', 'Birding by the River', 'Go birding with staff from the Wenatchee River Institute at our campus by the Wenatchee River! All birding skill levels are welcome. We have loaner binoculars that you can borrow.

Trail difficulty level: beginner
Trail is wide enough for ADA access, but trails are gravel
Bathrooms available at the start and end of the walk

Meet outside the River Haus at 8am.', '2025-09-25', NULL, '08:00:00', '10:00:00', '1364abf8-2535-4674-b438-3066b3b7ee64', 'cc1fdad6-0e8a-424a-be08-d169e1a50ab4', NULL, 'https://wenatcheeriverinstitute.org/event-calendar.html/event/2025/09/25/birding-by-the-river/525994', NULL, '4105b94f-140c-4fc1-9137-deb9e99d5376', NULL, NULL, 'https://cdn.firespring.com/images/8d0996b9-c921-45ca-a9f6-f41c5bf0bfc1.png', false, NULL, false, false, 'Free', 'approved', NULL, '2025-07-23 22:35:35.535898+00', '2025-07-23 22:35:35.535898+00', NULL, NULL, 'A drawing of a white-headed woodpecker with trees and sky in the background'),
	('fb8b3391-af6a-41bb-989a-9689da15b57b', 'Astronomy by the River', 'Join the Wenatchee Valley Astronomy Club on a family friendly journey through space. Using a variety of telescopes, well gaze up into the Milky Way and learn about some of the best night sky objects to view. 

During this program well also explore the basics of telescope use, the different types of telescopes, and some helpful tricks to enhance your experience in star gazing.', '2025-10-02', NULL, '19:30:00', '21:00:00', 'eb18d927-8c3e-41bd-a04a-2b748fc47588', 'cc1fdad6-0e8a-424a-be08-d169e1a50ab4', NULL, 'https://wenatcheeriverinstitute.org/event-calendar.html/event/2025/10/02/astronomy-along-the-river/523137', 'https://wenatcheeriverinstitute.org/event-calendar.html/event-form/registration-form/106811/tickets', '4105b94f-140c-4fc1-9137-deb9e99d5376', NULL, NULL, 'https://cdn.firespring.com/images/e11deb23-6db9-4247-88c5-ddd55f1d3431.png', false, NULL, false, true, 'Pay what you can.', 'approved', NULL, '2025-07-23 22:42:32.60417+00', '2025-07-23 22:42:32.60417+00', NULL, NULL, 'Drawing of constellations on a photorealistic night sky with the milky way present.'),
	('24477a9a-83f4-4f12-a2b3-acc94f639048', 'Sunset + S''mores', 'Come gather with us at WRI for an evening of food and s''more fun! Jump into fall with us as the evening light fades and the stars come out. Join us for a meal, drinks, and immersive activities. 

Socialize with fellow WRI supporters, board members, staff, and students. This is a family friendly event. The evening''s offerings will take place throughout WRI''s campus, both indoors and outdoors. We look forward to gathering together and celebrating our special community!', '2025-10-01', NULL, '17:00:00', '19:30:00', '4848bf9e-0ec8-49a8-9ef9-0c7c9954e903', 'cc1fdad6-0e8a-424a-be08-d169e1a50ab4', NULL, 'https://wenatcheeriverinstitute.org/event-calendar.html/event/2025/10/01/save-the-date-4th-annual-sunset-s-mores/528424', NULL, 'b93da678-d591-4abe-ab59-f38ce470bd26', '4105b94f-140c-4fc1-9137-deb9e99d5376', NULL, 'https://cdn.firespring.com/images/ff21d688-bb63-4fc6-b87d-88959c73c3a5.png', false, NULL, false, true, 'Pay what you can', 'approved', NULL, '2025-07-23 22:47:23.438334+00', '2025-07-23 22:47:23.438334+00', NULL, NULL, 'Drawing of four people sitting around a campfire next to a yellow tent alongside a meandering river with mountains in the backdrop.'),
	('2bae0a0f-7d32-4a27-b11d-122b1b7a7934', 'Red Barn Event: The Trees are Speaking', 'Join author and journalist Lynda V. Mapes for a discussion about changing our relationship with forests. 

Long regarded as commodities primarily for growing wood products, today we know forests are essential to community wellbeing, climate stability, wildlife, and clean water and air. We need to shift our relationship with forests to emphasize caretaking, respect, and reciprocity. Lynda will share examples of sustainable forestry practices underway in our region and beyond that take care of people, forests, and wildlife, drawing from her new book, The Trees Are Speaking: Dispatches from the Salmon Forests.

Doors open at 6:30pm for a community social with beer and wine available for purchase. The presentation will start at 7:00pm.

This is a partnered event with a Book for all Seasons and the Wenatchee River Institute.', '2025-09-04', NULL, '19:00:00', '20:00:00', 'eb18d927-8c3e-41bd-a04a-2b748fc47588', 'cc1fdad6-0e8a-424a-be08-d169e1a50ab4', NULL, 'https://wenatcheeriverinstitute.org/event-calendar.html/event/2025/09/04/red-barn-event-the-trees-are-speaking/528664', NULL, '4105b94f-140c-4fc1-9137-deb9e99d5376', NULL, NULL, 'https://cdn.firespring.com/images/05c93e31-39b8-4735-b0b5-5fb1db3356c3.jpg', false, NULL, false, false, NULL, 'approved', NULL, '2025-07-23 22:51:19.257205+00', '2025-07-23 22:51:19.257205+00', NULL, NULL, 'Photo of the book cover of The Trees are Speaking by Linda Mapes'),
	('2734b440-decc-4364-9833-e322bc1e961c', 'Float for Falastin', 'Paddling With A Purpose: Float the beautiful Wenatchee River to raise awareness and as a fundraiser for Gaza Soup Kitchen!

We will take a free shuttle (with our gear) to the Icicle Bridge put-in and float to the Public Boat Launch.

BYO gear or let organizer know if you would like to borrow some.  

Flags, kufiyas, waterproof/bouyant signs, and good vibes welcome along with your donation to Gaza Soup Kitchen.', '2025-08-02', NULL, '12:00:00', '15:00:00', '87a882b0-5a3b-4737-86db-dbd0768a0352', NULL, NULL, 'https://floatforfalastin.eventbrite.com/', NULL, '4105b94f-140c-4fc1-9137-deb9e99d5376', '16f2b4de-2ffd-4b1b-9b9d-ac21f298b0a5', NULL, 'https://www.leavenworthecho.com/stories/float-for-falastin-brings-humanitarian-activism-to-wenatchee-river,132152?', false, NULL, false, false, NULL, 'approved', NULL, '2025-07-24 20:07:40.637554+00', '2025-07-24 20:07:40.637554+00', NULL, NULL, 'Man giving a peace sign symbol with his hand while standing on a paddle board holding a paddle and wearing a t-shirt advertising Gaza Soup Kitchen.'),
	('a1a391c0-0002-45a8-825c-77771d9a79b8', 'Birding on the River', 'Go birding with staff from the Wenatchee River Institute at our campus by the Wenatchee River! All birding skill levels are welcome. We have loaner binoculars that you can borrow.

Trail difficulty level: beginner
Trail is wide enough for ADA access, but trails are gravel
Bathrooms available at the start and end of the walk

Meet outside the River Haus at 8am.', '2025-07-31', NULL, '08:00:00', '10:00:00', '1364abf8-2535-4674-b438-3066b3b7ee64', 'cc1fdad6-0e8a-424a-be08-d169e1a50ab4', NULL, 'https://wenatcheeriverinstitute.org/event-calendar.html/event/2025/10/30/birding-by-the-river/525995', NULL, '4105b94f-140c-4fc1-9137-deb9e99d5376', NULL, NULL, 'https://cdn.firespring.com/images/8d0996b9-c921-45ca-a9f6-f41c5bf0bfc1.png', false, NULL, false, false, 'Free', 'approved', NULL, '2025-07-23 22:27:42.998294+00', '2025-07-24 22:24:32.91906+00', NULL, NULL, 'A drawing of a white-headed woodpecker with trees and sky in the background'),
	('a85266d8-3caa-448e-8ee2-42f8e46639a8', 'Outdoor Film: Wayne''s World', 'Waynes World is a 1992 cult-classic comedy based on a popular Saturday Night Live sketch, featuring iconic characters, memorable catchphrases, and a soundtrack that sparked a resurgence of interest in classic rock music. Rated PG-13.', '2025-08-07', NULL, '20:15:00', '22:00:00', '6e0b075a-c369-477d-8804-d09f175f7f99', 'a5bc78aa-6d8c-4c19-8ee6-2fd507082c03', NULL, 'https://icicle.my.salesforce-sites.com/ticket/#/instances/a0FPH00000A54tF2AR', 'https://icicle.my.salesforce-sites.com/ticket/#/instances/a0FPH00000A54tF2AR', 'e46ab7a2-26d1-4038-8573-e22d32c1b799', NULL, NULL, 'https://icicle.org/userfiles/WW-Outdoor-Movie-with-logo.jpg', false, 'cfbc5d07-0adb-4082-a69f-f0516a62516d', false, false, '$5-8', 'archived', NULL, '2025-07-24 20:25:40.031912+00', '2025-08-27 14:02:57.705401+00', NULL, NULL, 'Wayne and Garth, two men, one wearing a hat that says Waynes World.'),
	('f2aa5399-5612-49c3-9c38-2111ebc51587', 'Kairos w/ Stephen Beus', 'Experience the transformative power of chamber music with Kairos, the esteemed ensemble-in-residence at Central Washington University.', '2025-08-03', NULL, '14:00:00', '16:00:00', 'fd5c956d-49c8-400a-affc-151fa31a4021', 'a5bc78aa-6d8c-4c19-8ee6-2fd507082c03', NULL, 'https://icicle.my.salesforce-sites.com/ticket/#/instances/a0FPH000009931V2AQ', 'https://icicle.my.salesforce-sites.com/ticket/#/instances/a0FPH000009931V2AQ', 'e46ab7a2-26d1-4038-8573-e22d32c1b799', NULL, NULL, 'https://icicle.org/userfiles/Kairos-final-.jpg', false, NULL, false, true, '$10-25', 'approved', NULL, '2025-07-24 21:31:15.28741+00', '2025-07-24 21:31:15.28741+00', NULL, NULL, ''),
	('8cba577e-74fd-469c-baf1-271b90c1be55', 'Third-Seven', 'Third Seven, the solo project of multi-instrumentalist and composer Billy Mickelson, is returning to the stage for a performance unlike anything you''ve heard before. With a foundation in classical cello and a spirit rooted in fearless experimentation, Mickelson uses live looping, percussion, and haunting vocals to create sonic landscapes that defy genre and expectation.', '2025-08-02', NULL, '19:00:00', '21:00:00', '06534828-ce3b-430e-a56e-33c0ef903bf6', 'a5bc78aa-6d8c-4c19-8ee6-2fd507082c03', NULL, 'https://icicle.my.salesforce-sites.com/ticket/#/instances/a0FPH00000990IA2AY', 'https://icicle.my.salesforce-sites.com/ticket/#/instances/a0FPH00000990IA2AY', 'e46ab7a2-26d1-4038-8573-e22d32c1b799', NULL, NULL, 'https://icicle.org/userfiles/ThirdSeven.png', false, NULL, false, true, '$10-25', 'approved', NULL, '2025-07-24 21:33:06.470445+00', '2025-07-24 21:33:06.470445+00', NULL, NULL, NULL),
	('890f2883-eee1-471a-b3f7-f06fc005ec72', 'Twelfth Night', 'Join us for Twelfth Night, Shakespeares beloved comedy full of mistaken identities, romance, shipwrecks, and just a hint of madness. Performed by a lively cast of local NCW talent, this homegrown evening of outdoor theatre promises laughter, mischief, and magic under the stars.', '2025-08-08', NULL, '19:30:00', NULL, '6e0b075a-c369-477d-8804-d09f175f7f99', 'a5bc78aa-6d8c-4c19-8ee6-2fd507082c03', NULL, 'https://icicle.my.salesforce-sites.com/ticket/#/events/a0SPH0000091Ix02AE', 'https://icicle.my.salesforce-sites.com/ticket/#/events/a0SPH0000091Ix02AE', 'e46ab7a2-26d1-4038-8573-e22d32c1b799', NULL, NULL, 'https://icicle.org/userfiles/Twelfth-Night-.jpg', false, NULL, false, true, '$15-25', 'approved', NULL, '2025-07-24 21:35:17.320341+00', '2025-07-24 21:35:17.320341+00', NULL, NULL, NULL),
	('d02ef433-9fa1-4162-9205-eefda0e88d21', 'Carousel', 'The Roger''s and Hammerstein classic, performed at scenic Ski Hill Amphitheater.', '2025-07-24', NULL, '20:00:00', '22:15:00', '902ffb08-d561-4ddf-bb5f-b798aa7a66b8', 'ec374569-7a4c-4fb7-9374-1abcd6bfa620', NULL, 'https://leavenworthsummertheater.org/carousel', 'https://app.arts-people.com/index.php?actions=4&p=1', 'e46ab7a2-26d1-4038-8573-e22d32c1b799', NULL, NULL, 'https://images.squarespace-cdn.com/content/v1/5f6ba16e63f3867a847921d4/eb36915e-1d23-41bb-a5c7-76e499c878c3/Carousel.png?format=750w', false, NULL, false, true, '$14-40', 'approved', NULL, '2025-07-24 21:43:43.038944+00', '2025-07-24 21:49:19.6853+00', NULL, NULL, NULL),
	('d810d5a5-4528-4614-9cad-e06b85f464c7', 'Birding by the River', 'Go birding with staff from the Wenatchee River Institute at our campus by the Wenatchee River! All birding skill levels are welcome.  We have loaner binoculars that you can borrow.

Trail difficulty level: beginner
Trail is wide enough for ADA access, but trails are gravel
Bathrooms available at the start and end of the walk

Meet outside the River Haus at 8am. ', '2025-10-30', NULL, '08:00:00', '10:00:00', '1364abf8-2535-4674-b438-3066b3b7ee64', 'cc1fdad6-0e8a-424a-be08-d169e1a50ab4', NULL, 'https://wenatcheeriverinstitute.org/event-calendar.html/event/2025/10/30/birding-by-the-river/525995', NULL, '4105b94f-140c-4fc1-9137-deb9e99d5376', NULL, NULL, 'https://cdn.firespring.com/images/8d0996b9-c921-45ca-a9f6-f41c5bf0bfc1.png', false, NULL, false, false, 'Free', 'approved', NULL, '2025-07-23 22:37:58.912766+00', '2025-07-24 22:24:42.065616+00', NULL, NULL, 'A drawing of a white-headed woodpecker with trees and sky in the background'),
	('e314eb56-104f-4807-a3d8-e566900c35ae', 'Volunteer Open House + Youth Training', 'Want to get more involved in your community and support outdoor education and conservation? Join us for our Volunteer Open House at Wenatchee River Institute!

From 5:00 to 6:00 PM, meet the WRI staff, connect with current volunteers, and learn about a variety of ways to give backwhether it''s helping with events, restoration projects, or lending a hand on campus. Light snacks and drinks will be provided.

If you''re interested in supporting WRIs youth programs, stay from 6:00 to 7:00 PM for our Fall Youth Program Volunteer Training. This is a great opportunity to dive deeper into volunteering with our field days and seasonal school programs.

', '2025-09-09', NULL, '17:00:00', '19:00:00', '1364abf8-2535-4674-b438-3066b3b7ee64', 'cc1fdad6-0e8a-424a-be08-d169e1a50ab4', NULL, 'https://wenatcheeriverinstitute.org/event-calendar.html/event/2025/09/09/volunteer-open-house-youth-training/534550?blm_aid=285554761', NULL, '4105b94f-140c-4fc1-9137-deb9e99d5376', '16f2b4de-2ffd-4b1b-9b9d-ac21f298b0a5', NULL, 'https://cdn.firespring.com/images/4b957844-51ad-4ca7-b9e3-ea2daabb9298.png', false, NULL, false, false, NULL, 'pending', NULL, '2025-08-20 14:22:29.696614+00', '2025-08-20 14:22:29.696614+00', NULL, NULL, NULL),
	('60d32001-d54a-475b-b2e2-27ae2ace81ad', 'Terror/Cactus & Rumbo Tumba', 'Digital folklore and psychedelic electro-cumbia project of Martn Selasco. 

Born in Buenos Aires and raised in Miami, the Seattle-based producer draws from wide variety of Latin-American influences in his productions including Argentine folk, Peruvian chicha, and Colombian cumbia. These influences are woven into hypnotic electronic beats featuring psychedelic guitars, dub lasers, and field recordings.', '2025-09-12', NULL, '19:00:00', NULL, 'fd5c956d-49c8-400a-affc-151fa31a4021', 'a5bc78aa-6d8c-4c19-8ee6-2fd507082c03', NULL, 'https://icicle.my.salesforce-sites.com/ticket/#/instances/a0FPH00000AEWK12AP', 'https://icicle.my.salesforce-sites.com/ticket/#/instances/a0FPH00000AEWK12AP', 'e46ab7a2-26d1-4038-8573-e22d32c1b799', NULL, NULL, 'https://images.squarespace-cdn.com/content/v1/58bb10792994ca1d9257ab1d/1621453697505-31NAO2WQN9D6TH3SACXO/TC-Studio-13.jpg?format=2500w', true, NULL, false, true, '$15-25', 'approved', NULL, '2025-07-24 21:28:52.230941+00', '2025-07-24 22:27:44.767067+00', NULL, NULL, 'Person in a white geometric-shaped mask, a hoodie, and ropes slung over one shoulder.'),
	('0c3224ad-9fb4-4853-b6d3-0c789d3bdb5a', 'Alpenglo Garden Club', 'Rachel Burgoon from Feathers and Flowers Farm from Wenatchee will be discussing what life is like as a farmer!  Come with questions about flowers, veggies, animal husbandry and farm life.', '2025-07-28', NULL, '17:00:00', '18:00:00', 'ad12dd0c-7ba3-49ff-8591-e93ea3f117ef', '618862e9-4476-4ade-8922-ff3b4c5f14db', NULL, 'https://alpengloliving.com/pages/workshops', NULL, '4105b94f-140c-4fc1-9137-deb9e99d5376', 'b93da678-d591-4abe-ab59-f38ce470bd26', NULL, 'https://cdn.shopify.com/s/files/1/0597/7764/6663/files/Screenshot_2025-06-18_at_3.16.04_PM.png?v=1750284980', false, '6fb3a9a0-55b6-44b8-991f-f363a143d31e', false, false, NULL, 'approved', NULL, '2025-07-17 00:10:08.767155+00', '2025-07-24 22:31:01.040787+00', NULL, NULL, 'small wooden greenhouse with picked flowers stacked outside'),
	('57649aaa-2436-4432-b62c-3fcc3a7f7de5', 'The Little Mermaid', 'Based on the 1989 Disney animated film, and the fairy tale by Hans Christian Andersen, a mermaid dreams of the world above the sea and gives up her voice to find true love. The magical underwater world of The Little Mermaid musical enchants audiences with beloved classics like "Part of Your World" and "Under the Sea," those timeless treasures that transport us back to our first journey beneath the waves.', '2025-08-23', NULL, '20:00:00', '22:15:00', '3e7f2a79-d5e8-4a0c-b155-072cf339ea13', 'ec374569-7a4c-4fb7-9374-1abcd6bfa620', NULL, 'https://leavenworthsummertheater.org/som', 'https://app.arts-people.com/index.php?ticketing=lvst', 'e46ab7a2-26d1-4038-8573-e22d32c1b799', NULL, NULL, 'https://images.squarespace-cdn.com/content/v1/5f6ba16e63f3867a847921d4/2159f954-4daf-4d5c-a2ef-c9adc72b9d6c/LST+Mermaid.JPG?format=750w', false, NULL, false, true, '$14-40', 'approved', NULL, '2025-07-24 22:11:05.064257+00', '2025-07-24 22:33:32.819663+00', NULL, NULL, 'Turquoise waves with the writing Disney''s The Little Mermaid'),
	('b53ab02b-9b05-4168-8cd0-efdf5d79b734', 'Fall Fungi Field Trip', 'Join Wenatchee River Institute and Puget Sound Mycological Society for our Fall Fungi Field Trip!

The day will begin at the Wenatchee River Institute with a meeting to set the scene and provide a safety briefing. PSMS guides will take groups of people out to different locations for fungi foraging and collection followed by identification and a group potluck.', '2025-10-04', NULL, '08:30:00', '16:00:00', 'eb18d927-8c3e-41bd-a04a-2b748fc47588', 'cc1fdad6-0e8a-424a-be08-d169e1a50ab4', NULL, 'https://wenatcheeriverinstitute.org/event-calendar.html/event/2025/10/04/fall-fungi-field-trip-with-puget-sound-mycological-society/534619?blm_aid=285554761', 'https://wenatcheeriverinstitute.org/event-calendar.html/event-form/registration-form/108446/tickets', '4105b94f-140c-4fc1-9137-deb9e99d5376', NULL, NULL, 'https://cdn.firespring.com/images/555a6f49-fd4f-4519-9062-5b0f294f89a2.png', false, NULL, false, true, 'Way what you can.', 'approved', NULL, '2025-08-21 15:34:04.528843+00', '2025-08-21 15:34:04.528843+00', NULL, NULL, 'Person holding mushroom with background of a log and the ground.'),
	('6d1e0f0a-51d7-41cd-95c3-21a9c24b58d8', 'The Sound of Music', 'The beloved musical story of Maria and the von Trapp Family never fails to enchant audiences at our unforgettable Ski Hill Amphitheater. All your favorite songs and characters make this a perfect event for the whole family.', '2025-08-26', NULL, '20:00:00', '22:30:00', '902ffb08-d561-4ddf-bb5f-b798aa7a66b8', 'ec374569-7a4c-4fb7-9374-1abcd6bfa620', NULL, 'https://leavenworthsummertheater.org/som', 'https://app.arts-people.com/index.php?actions=7&p=3', 'e46ab7a2-26d1-4038-8573-e22d32c1b799', NULL, NULL, 'https://images.squarespace-cdn.com/content/v1/5f6ba16e63f3867a847921d4/6db702cf-e954-4dc8-8623-4418847a5c88/image_6487327.JPG?format=750w', false, NULL, false, true, '$14-40', 'approved', NULL, '2025-07-24 21:58:05.669329+00', '2025-07-24 22:09:10.616805+00', NULL, NULL, 'Green mountain with white text that says the sound of music'),
	('a0f1126c-3b13-409b-b352-070aa730aa0f', 'The Sound of Music', 'The beloved musical story of Maria and the von Trapp Family never fails to enchant audiences at our unforgettable Ski Hill Amphitheater. All your favorite songs and characters make this a perfect event for the whole family.', '2025-08-28', NULL, '20:00:00', '22:30:00', '902ffb08-d561-4ddf-bb5f-b798aa7a66b8', 'ec374569-7a4c-4fb7-9374-1abcd6bfa620', NULL, 'https://leavenworthsummertheater.org/som', 'https://app.arts-people.com/index.php?actions=7&p=3', 'e46ab7a2-26d1-4038-8573-e22d32c1b799', NULL, NULL, 'https://images.squarespace-cdn.com/content/v1/5f6ba16e63f3867a847921d4/6db702cf-e954-4dc8-8623-4418847a5c88/image_6487327.JPG?format=750w', false, NULL, false, true, '$14-40', 'approved', NULL, '2025-07-24 21:58:05.669329+00', '2025-07-24 22:09:12.343511+00', NULL, NULL, 'Green mountain with white text that says the sound of music'),
	('63136077-c3ed-4154-9f77-483ac7e0f7ad', 'Carousel', 'The Roger''s and Hammerstein classic, performed at scenic Ski Hill Amphitheater.', '2025-08-15', NULL, '20:00:00', '22:15:00', '902ffb08-d561-4ddf-bb5f-b798aa7a66b8', 'ec374569-7a4c-4fb7-9374-1abcd6bfa620', NULL, 'https://leavenworthsummertheater.org/carousel', 'https://app.arts-people.com/index.php?actions=4&p=1', 'e46ab7a2-26d1-4038-8573-e22d32c1b799', NULL, NULL, 'https://images.squarespace-cdn.com/content/v1/5f6ba16e63f3867a847921d4/eb36915e-1d23-41bb-a5c7-76e499c878c3/Carousel.png?format=750w', false, NULL, false, true, '$14-40', 'approved', NULL, '2025-07-24 21:50:51.589191+00', '2025-07-24 22:24:16.526672+00', NULL, NULL, NULL),
	('73cd9964-2710-40ae-8130-7a16ad844582', 'The Sound of Music', 'The beloved musical story of Maria and the von Trapp Family never fails to enchant audiences at our unforgettable Ski Hill Amphitheater. All your favorite songs and characters make this a perfect event for the whole family.', '2025-08-14', NULL, '20:00:00', '22:30:00', '902ffb08-d561-4ddf-bb5f-b798aa7a66b8', 'ec374569-7a4c-4fb7-9374-1abcd6bfa620', NULL, 'https://leavenworthsummertheater.org/som', 'https://app.arts-people.com/index.php?actions=7&p=3', 'e46ab7a2-26d1-4038-8573-e22d32c1b799', NULL, NULL, 'https://images.squarespace-cdn.com/content/v1/5f6ba16e63f3867a847921d4/6db702cf-e954-4dc8-8623-4418847a5c88/image_6487327.JPG?format=750w', false, NULL, false, true, '$14-40', 'approved', NULL, '2025-07-24 21:57:16.837346+00', '2025-07-24 22:09:01.64236+00', NULL, NULL, 'Green mountain with white text that says the sound of music'),
	('3eea2ad9-3154-4a4a-b76a-efc492339641', 'The Sound of Music', 'The beloved musical story of Maria and the von Trapp Family never fails to enchant audiences at our unforgettable Ski Hill Amphitheater. All your favorite songs and characters make this a perfect event for the whole family.', '2025-08-08', NULL, '20:00:00', '22:30:00', '902ffb08-d561-4ddf-bb5f-b798aa7a66b8', 'ec374569-7a4c-4fb7-9374-1abcd6bfa620', NULL, 'https://leavenworthsummertheater.org/som', 'https://app.arts-people.com/index.php?actions=7&p=3', 'e46ab7a2-26d1-4038-8573-e22d32c1b799', NULL, NULL, 'https://images.squarespace-cdn.com/content/v1/5f6ba16e63f3867a847921d4/6db702cf-e954-4dc8-8623-4418847a5c88/image_6487327.JPG?format=750w', false, NULL, false, true, '$14-40', 'approved', NULL, '2025-07-24 21:57:16.837346+00', '2025-07-24 22:08:54.918624+00', NULL, NULL, 'Green mountain with white text that says the sound of music'),
	('6f7b308d-1454-45cf-a15e-f83d2387685d', 'The Sound of Music', 'The beloved musical story of Maria and the von Trapp Family never fails to enchant audiences at our unforgettable Ski Hill Amphitheater. All your favorite songs and characters make this a perfect event for the whole family.', '2025-07-31', NULL, '20:00:00', '22:30:00', '902ffb08-d561-4ddf-bb5f-b798aa7a66b8', 'ec374569-7a4c-4fb7-9374-1abcd6bfa620', NULL, 'https://leavenworthsummertheater.org/som', 'https://app.arts-people.com/index.php?actions=7&p=3', 'e46ab7a2-26d1-4038-8573-e22d32c1b799', NULL, NULL, 'https://images.squarespace-cdn.com/content/v1/5f6ba16e63f3867a847921d4/6db702cf-e954-4dc8-8623-4418847a5c88/image_6487327.JPG?format=750w', false, NULL, false, true, '$14-40', 'approved', NULL, '2025-07-24 21:53:09.914182+00', '2025-07-24 22:08:19.024737+00', NULL, NULL, 'Green mountain with white text that says the sound of music'),
	('0a12c69e-7f78-49fe-bb5b-0b16e28e7196', 'The Sound of Music', 'The beloved musical story of Maria and the von Trapp Family never fails to enchant audiences at our unforgettable Ski Hill Amphitheater. All your favorite songs and characters make this a perfect event for the whole family.', '2025-08-05', NULL, '20:00:00', '22:30:00', '902ffb08-d561-4ddf-bb5f-b798aa7a66b8', 'ec374569-7a4c-4fb7-9374-1abcd6bfa620', NULL, 'https://leavenworthsummertheater.org/som', 'https://app.arts-people.com/index.php?actions=7&p=3', 'e46ab7a2-26d1-4038-8573-e22d32c1b799', NULL, NULL, 'https://images.squarespace-cdn.com/content/v1/5f6ba16e63f3867a847921d4/6db702cf-e954-4dc8-8623-4418847a5c88/image_6487327.JPG?format=750w', false, NULL, false, true, '$14-40', 'approved', NULL, '2025-07-24 21:57:16.837346+00', '2025-07-24 22:08:50.358078+00', NULL, NULL, 'Green mountain with white text that says the sound of music'),
	('7b3cba5d-5e81-4dbf-b4dc-0e63eb2fb6c6', 'The Sound of Music', 'The beloved musical story of Maria and the von Trapp Family never fails to enchant audiences at our unforgettable Ski Hill Amphitheater. All your favorite songs and characters make this a perfect event for the whole family.', '2025-08-16', NULL, '20:00:00', '22:30:00', '902ffb08-d561-4ddf-bb5f-b798aa7a66b8', 'ec374569-7a4c-4fb7-9374-1abcd6bfa620', NULL, 'https://leavenworthsummertheater.org/som', 'https://app.arts-people.com/index.php?actions=7&p=3', 'e46ab7a2-26d1-4038-8573-e22d32c1b799', NULL, NULL, 'https://images.squarespace-cdn.com/content/v1/5f6ba16e63f3867a847921d4/6db702cf-e954-4dc8-8623-4418847a5c88/image_6487327.JPG?format=750w', false, NULL, false, true, '$14-40', 'approved', NULL, '2025-07-24 21:57:16.837346+00', '2025-07-24 22:09:05.466796+00', NULL, NULL, 'Green mountain with white text that says the sound of music'),
	('8d7ba201-7700-49b8-88b1-44746d8e8fa3', 'The Sound of Music', 'The beloved musical story of Maria and the von Trapp Family never fails to enchant audiences at our unforgettable Ski Hill Amphitheater. All your favorite songs and characters make this a perfect event for the whole family.', '2025-08-19', NULL, '20:00:00', '22:30:00', '902ffb08-d561-4ddf-bb5f-b798aa7a66b8', 'ec374569-7a4c-4fb7-9374-1abcd6bfa620', NULL, 'https://leavenworthsummertheater.org/som', 'https://app.arts-people.com/index.php?actions=7&p=3', 'e46ab7a2-26d1-4038-8573-e22d32c1b799', NULL, NULL, 'https://images.squarespace-cdn.com/content/v1/5f6ba16e63f3867a847921d4/6db702cf-e954-4dc8-8623-4418847a5c88/image_6487327.JPG?format=750w', false, NULL, false, true, '$14-40', 'approved', NULL, '2025-07-24 21:58:05.669329+00', '2025-07-24 22:09:07.331175+00', NULL, NULL, 'Green mountain with white text that says the sound of music'),
	('d221e3d9-fea4-40b5-a207-36bfb6f7b60b', 'Carousel', 'The Roger''s and Hammerstein classic, performed at scenic Ski Hill Amphitheater.', '2025-08-21', NULL, '20:00:00', '22:15:00', '902ffb08-d561-4ddf-bb5f-b798aa7a66b8', 'ec374569-7a4c-4fb7-9374-1abcd6bfa620', NULL, 'https://leavenworthsummertheater.org/carousel', 'https://app.arts-people.com/index.php?actions=4&p=1', 'e46ab7a2-26d1-4038-8573-e22d32c1b799', NULL, NULL, 'https://images.squarespace-cdn.com/content/v1/5f6ba16e63f3867a847921d4/eb36915e-1d23-41bb-a5c7-76e499c878c3/Carousel.png?format=750w', false, NULL, false, true, '$14-40', 'approved', NULL, '2025-07-24 21:50:51.589191+00', '2025-07-24 22:24:18.871996+00', NULL, NULL, NULL),
	('d1d1b61c-c233-4735-8024-d6748cb4302b', 'Carousel', 'The Roger''s and Hammerstein classic, performed at scenic Ski Hill Amphitheater.', '2025-08-29', NULL, '20:00:00', '22:15:00', '902ffb08-d561-4ddf-bb5f-b798aa7a66b8', 'ec374569-7a4c-4fb7-9374-1abcd6bfa620', NULL, 'https://leavenworthsummertheater.org/carousel', 'https://app.arts-people.com/index.php?actions=4&p=1', 'e46ab7a2-26d1-4038-8573-e22d32c1b799', NULL, NULL, 'https://images.squarespace-cdn.com/content/v1/5f6ba16e63f3867a847921d4/eb36915e-1d23-41bb-a5c7-76e499c878c3/Carousel.png?format=750w', false, NULL, false, true, '$14-40', 'approved', NULL, '2025-07-24 21:50:51.589191+00', '2025-07-24 22:24:22.281322+00', NULL, NULL, NULL),
	('4c9c89bb-b7cb-4826-8416-16d78375ae33', 'Carousel', 'The Roger''s and Hammerstein classic, performed at scenic Ski Hill Amphitheater.', '2025-08-01', NULL, '20:00:00', '22:15:00', '902ffb08-d561-4ddf-bb5f-b798aa7a66b8', 'ec374569-7a4c-4fb7-9374-1abcd6bfa620', NULL, 'https://leavenworthsummertheater.org/carousel', 'https://app.arts-people.com/index.php?actions=4&p=1', 'e46ab7a2-26d1-4038-8573-e22d32c1b799', NULL, NULL, 'https://images.squarespace-cdn.com/content/v1/5f6ba16e63f3867a847921d4/eb36915e-1d23-41bb-a5c7-76e499c878c3/Carousel.png?format=750w', false, NULL, false, true, '$14-40', 'approved', NULL, '2025-07-24 21:50:51.589191+00', '2025-07-24 22:23:44.196169+00', NULL, NULL, NULL),
	('89a369f1-2ff8-4c01-a20b-7bfdb67458b8', 'The Little Mermaid', 'Based on the 1989 Disney animated film, and the fairy tale by Hans Christian Andersen, a mermaid dreams of the world above the sea and gives up her voice to find true love. The magical underwater world of The Little Mermaid musical enchants audiences with beloved classics like "Part of Your World" and "Under the Sea," those timeless treasures that transport us back to our first journey beneath the waves.', '2025-08-02', NULL, '13:00:00', '15:15:00', '3e7f2a79-d5e8-4a0c-b155-072cf339ea13', 'ec374569-7a4c-4fb7-9374-1abcd6bfa620', NULL, 'https://leavenworthsummertheater.org/som', 'https://app.arts-people.com/index.php?ticketing=lvst', 'e46ab7a2-26d1-4038-8573-e22d32c1b799', NULL, NULL, 'https://images.squarespace-cdn.com/content/v1/5f6ba16e63f3867a847921d4/2159f954-4daf-4d5c-a2ef-c9adc72b9d6c/LST+Mermaid.JPG?format=750w', false, NULL, false, true, '$14-40', 'approved', NULL, '2025-07-24 22:04:02.784739+00', '2025-07-24 22:10:05.563228+00', NULL, NULL, 'Turquoise waves with the writing Disney''s The Little Mermaid'),
	('9abfe977-4104-45d5-90ae-ab42252ae1c0', 'Alpenglo Garden Club', 'Brittany Thurlow from the Plant Ally will share her herbalism knowledge and teach us how to dry herbs and use them in vinegars and teas.
', '2025-07-14', NULL, '17:00:00', '18:00:00', 'ad12dd0c-7ba3-49ff-8591-e93ea3f117ef', '618862e9-4476-4ade-8922-ff3b4c5f14db', NULL, 'https://alpengloliving.com/pages/workshops', NULL, '4105b94f-140c-4fc1-9137-deb9e99d5376', 'b93da678-d591-4abe-ab59-f38ce470bd26', NULL, 'https://cdn.shopify.com/s/files/1/0597/7764/6663/files/Screenshot_2025-06-18_at_3.16.04_PM.png?v=1750284980', false, '6fb3a9a0-55b6-44b8-991f-f363a143d31e', false, false, NULL, 'approved', NULL, '2025-07-17 00:10:29.560064+00', '2025-07-24 22:31:03.354444+00', NULL, NULL, 'small wooden greenhouse with picked flowers stacked outside'),
	('0cdc9125-fb50-431a-812e-f6387d7e8256', 'The Little Mermaid', 'Based on the 1989 Disney animated film, and the fairy tale by Hans Christian Andersen, a mermaid dreams of the world above the sea and gives up her voice to find true love. The magical underwater world of The Little Mermaid musical enchants audiences with beloved classics like "Part of Your World" and "Under the Sea," those timeless treasures that transport us back to our first journey beneath the waves.', '2025-08-06', NULL, '20:00:00', '22:15:00', '3e7f2a79-d5e8-4a0c-b155-072cf339ea13', 'ec374569-7a4c-4fb7-9374-1abcd6bfa620', NULL, 'https://leavenworthsummertheater.org/som', 'https://app.arts-people.com/index.php?ticketing=lvst', 'e46ab7a2-26d1-4038-8573-e22d32c1b799', NULL, NULL, 'https://images.squarespace-cdn.com/content/v1/5f6ba16e63f3867a847921d4/2159f954-4daf-4d5c-a2ef-c9adc72b9d6c/LST+Mermaid.JPG?format=750w', false, NULL, false, true, '$14-40', 'approved', NULL, '2025-07-24 22:04:02.784739+00', '2025-07-24 22:07:25.35113+00', NULL, NULL, 'Turquoise waves with the writing Disney''s The Little Mermaid'),
	('476ecf5c-3134-4460-8326-f542d1fdce75', 'The Little Mermaid', 'Based on the 1989 Disney animated film, and the fairy tale by Hans Christian Andersen, a mermaid dreams of the world above the sea and gives up her voice to find true love. The magical underwater world of The Little Mermaid musical enchants audiences with beloved classics like "Part of Your World" and "Under the Sea," those timeless treasures that transport us back to our first journey beneath the waves.', '2025-08-09', NULL, '20:00:00', '22:15:00', '3e7f2a79-d5e8-4a0c-b155-072cf339ea13', 'ec374569-7a4c-4fb7-9374-1abcd6bfa620', NULL, 'https://leavenworthsummertheater.org/som', 'https://app.arts-people.com/index.php?ticketing=lvst', 'e46ab7a2-26d1-4038-8573-e22d32c1b799', NULL, NULL, 'https://images.squarespace-cdn.com/content/v1/5f6ba16e63f3867a847921d4/2159f954-4daf-4d5c-a2ef-c9adc72b9d6c/LST+Mermaid.JPG?format=750w', false, NULL, false, true, '$14-40', 'approved', NULL, '2025-07-24 22:04:02.784739+00', '2025-07-24 22:07:27.534342+00', NULL, NULL, 'Turquoise waves with the writing Disney''s The Little Mermaid'),
	('e1f229b8-bfe8-4466-b93a-46c98988dad3', 'The Little Mermaid', 'Based on the 1989 Disney animated film, and the fairy tale by Hans Christian Andersen, a mermaid dreams of the world above the sea and gives up her voice to find true love. The magical underwater world of The Little Mermaid musical enchants audiences with beloved classics like "Part of Your World" and "Under the Sea," those timeless treasures that transport us back to our first journey beneath the waves.', '2025-08-13', NULL, '20:00:00', '22:15:00', '3e7f2a79-d5e8-4a0c-b155-072cf339ea13', 'ec374569-7a4c-4fb7-9374-1abcd6bfa620', NULL, 'https://leavenworthsummertheater.org/som', 'https://app.arts-people.com/index.php?ticketing=lvst', 'e46ab7a2-26d1-4038-8573-e22d32c1b799', NULL, NULL, 'https://images.squarespace-cdn.com/content/v1/5f6ba16e63f3867a847921d4/2159f954-4daf-4d5c-a2ef-c9adc72b9d6c/LST+Mermaid.JPG?format=750w', false, NULL, false, true, '$14-40', 'approved', NULL, '2025-07-24 22:04:02.784739+00', '2025-07-24 22:07:30.478158+00', NULL, NULL, 'Turquoise waves with the writing Disney''s The Little Mermaid'),
	('e0de8af8-6d12-47c1-97be-8fc154b7bc08', 'The Little Mermaid', 'Based on the 1989 Disney animated film, and the fairy tale by Hans Christian Andersen, a mermaid dreams of the world above the sea and gives up her voice to find true love. The magical underwater world of The Little Mermaid musical enchants audiences with beloved classics like "Part of Your World" and "Under the Sea," those timeless treasures that transport us back to our first journey beneath the waves.', '2025-08-16', NULL, '13:00:00', '15:15:00', '3e7f2a79-d5e8-4a0c-b155-072cf339ea13', 'ec374569-7a4c-4fb7-9374-1abcd6bfa620', NULL, 'https://leavenworthsummertheater.org/som', 'https://app.arts-people.com/index.php?ticketing=lvst', 'e46ab7a2-26d1-4038-8573-e22d32c1b799', NULL, NULL, 'https://images.squarespace-cdn.com/content/v1/5f6ba16e63f3867a847921d4/2159f954-4daf-4d5c-a2ef-c9adc72b9d6c/LST+Mermaid.JPG?format=750w', false, NULL, false, true, '$14-40', 'approved', NULL, '2025-07-24 22:04:02.784739+00', '2025-07-24 22:10:27.38314+00', NULL, NULL, 'Turquoise waves with the writing Disney''s The Little Mermaid'),
	('0e52c6b2-f4d4-4286-b2ed-418a9c94d1a4', 'The Sound of Music', 'The beloved musical story of Maria and the von Trapp Family never fails to enchant audiences at our unforgettable Ski Hill Amphitheater. All your favorite songs and characters make this a perfect event for the whole family.', '2025-08-30', NULL, '20:00:00', '22:30:00', '902ffb08-d561-4ddf-bb5f-b798aa7a66b8', 'ec374569-7a4c-4fb7-9374-1abcd6bfa620', NULL, 'https://leavenworthsummertheater.org/som', 'https://app.arts-people.com/index.php?actions=7&p=3', 'e46ab7a2-26d1-4038-8573-e22d32c1b799', NULL, NULL, 'https://images.squarespace-cdn.com/content/v1/5f6ba16e63f3867a847921d4/6db702cf-e954-4dc8-8623-4418847a5c88/image_6487327.JPG?format=750w', false, NULL, false, true, '$14-40', 'approved', NULL, '2025-07-24 21:58:05.669329+00', '2025-07-24 22:09:14.18171+00', NULL, NULL, 'Green mountain with white text that says the sound of music'),
	('99f834aa-4d1e-4da3-b001-7b38afe2e193', 'Summer Storytime', 'Babies, toddlers, preschoolers and older siblings are invited for a mixed-ages story time focusing on pre- and emerging-literacy through books, music, movement, games, and crafts.', '2025-08-05', NULL, '11:00:00', '12:00:00', '3ca6bebf-33b1-4265-b280-fb6dd9ebda6a', '654aff2b-15cd-48ea-9b22-6910700fd53d', NULL, 'https://ncwlibraries.libcal.com/event/14596522', NULL, 'a20ee91d-6c87-46c5-92b5-869c569e6012', NULL, NULL, 'https://www.ncwlibraries.org/wp-content/uploads/leavenworth-02-2020-3.jpg', false, NULL, false, false, NULL, 'approved', NULL, '2025-07-16 23:38:45.030812+00', '2025-07-24 22:28:32.234786+00', NULL, NULL, 'Leavenworth City Hall, a beige stucco building with Bavarian design accents.'),
	('f3426cbd-8e5b-4915-be7f-b3b92f2c8103', 'OVOF Food Symposium: Tackling Food Insecurity in the Region', 'Demand for food is increasing in NCW. Learn how food is being distributed now and the ways we can both build local capacity and increase access to healthy foods.', '2025-09-11', NULL, '10:00:00', '14:00:00', '6ec72824-a3df-47ba-b62d-34b495cf6b6d', NULL, NULL, 'https://ourvalleyourfuture.org/events/', 'https://www.eventbrite.com/e/ovof-symposium-tackling-food-insecurity-in-the-region-tickets-1510545615599?aff=oddtdtcreator', '16f2b4de-2ffd-4b1b-9b9d-ac21f298b0a5', NULL, NULL, 'https://ourvalleyourfuture.org/wp-content/uploads/2025/07/Food-graphic-1.jpg', false, NULL, false, true, '$10 includes lunch', 'approved', NULL, '2025-08-08 15:24:35.820815+00', '2025-08-08 15:24:35.820815+00', NULL, NULL, NULL),
	('874ecbeb-18bd-4e15-9d14-fa986ec56b48', 'The Little Mermaid', 'Based on the 1989 Disney animated film, and the fairy tale by Hans Christian Andersen, a mermaid dreams of the world above the sea and gives up her voice to find true love. The magical underwater world of The Little Mermaid musical enchants audiences with beloved classics like "Part of Your World" and "Under the Sea," those timeless treasures that transport us back to our first journey beneath the waves.', '2025-07-30', NULL, '20:00:00', '22:15:00', '3e7f2a79-d5e8-4a0c-b155-072cf339ea13', 'ec374569-7a4c-4fb7-9374-1abcd6bfa620', NULL, 'https://leavenworthsummertheater.org/som', 'https://app.arts-people.com/index.php?ticketing=lvst', 'e46ab7a2-26d1-4038-8573-e22d32c1b799', NULL, NULL, 'https://images.squarespace-cdn.com/content/v1/5f6ba16e63f3867a847921d4/2159f954-4daf-4d5c-a2ef-c9adc72b9d6c/LST+Mermaid.JPG?format=750w', false, NULL, false, true, '$14-40', 'approved', NULL, '2025-07-24 21:59:06.939839+00', '2025-07-24 22:05:05.146364+00', NULL, NULL, 'Turquoise waves with the writing Disney''s The Little Mermaid'),
	('a7215785-44ec-413c-a012-668b09cbb38d', 'Beaded Earrings Workshop', 'Local Indigenous artist and owner of Mystic North Jewelry, Amanda Keewatinawin, will be leading a workshop on the Indigenous art form of beading including how to create your own mini beaded fringe earrings.', '2025-10-05', NULL, '12:00:00', '15:00:00', 'eb18d927-8c3e-41bd-a04a-2b748fc47588', 'cc1fdad6-0e8a-424a-be08-d169e1a50ab4', NULL, 'https://wenatcheeriverinstitute.org/programs/community/workshops.html/event/2025/10/05/mini-fringe-beaded-earring-workshop/534526?blm_aid=285554761', 'https://wenatcheeriverinstitute.org/programs/community/workshops.html/event-form/registration-form/108430/tickets', 'e46ab7a2-26d1-4038-8573-e22d32c1b799', NULL, NULL, 'https://cdn.firespring.com/images/d865a05c-e4de-4c19-a818-f3a702ae4bd9.jpg', false, NULL, false, true, '$75 with discounts available.', 'approved', NULL, '2025-08-21 15:38:47.870388+00', '2025-08-21 15:38:47.870388+00', NULL, NULL, 'Pair of beaded earrings with cascading bead strands in rainbow of colors.'),
	('c1f00e6f-0152-478d-aaec-1ace39127919', 'Take a Kid Mountain Biking Day', 'Take A Kid Mountain Biking Day is a public community event for families that includes riding, games, food, and more! 

Participation is free and the events are open to riders of all ages and skill levels. The more, the merrier! Bring your kids, friends, your kids'' friends, and anyone who wants to get out on the trails for a fun day of mountain biking. 

Bring helmet, bike, snacks or cash to buy food/drinks. Limited numbers of extra bikes and helmets also available.

Free tacos after riding!', '2025-10-04', NULL, NULL, NULL, '46beb7b8-6da4-4e5c-af41-6adc7a2eac06', '7bc8b593-e36e-4a0c-bf49-d4528f5f8b00', NULL, 'https://www.evergreenmtb.org/index.php?option=com_civicrm&task=civicrm/event/info&reset=1&id=3278', NULL, 'a20ee91d-6c87-46c5-92b5-869c569e6012', '96a5a760-6320-4254-9254-d8bfc892a001', NULL, 'https://www.evergreenmtb.org/images/events/2025/2025-08-22-TAKMD-Central-OCT4-001.jpg', false, NULL, false, true, NULL, 'approved', NULL, '2025-08-22 17:58:23.869429+00', '2025-08-22 17:58:23.869429+00', NULL, NULL, 'Kids in bike helmets sitting on a log'),
	('65de2edf-bd5b-4508-8f98-19e2656d7959', 'Outdoor Film: Ferris Bueller''s Day Off', 'The lassic film stars Matthew Broderick as Ferris Bueller, a popular and clever teenager who fakes being sick to enjoy a day off school. Alongside his hypochondriac best friend Cameron and girlfriend Sloane, Ferris embarks on a fun-filled escapade around Chicago, visiting landmarks like the Sears Tower, Wrigley Field, and the Art Institute of Chicago.', '2025-08-28', NULL, '20:00:00', '22:00:00', '6e0b075a-c369-477d-8804-d09f175f7f99', 'a5bc78aa-6d8c-4c19-8ee6-2fd507082c03', NULL, 'https://icicle.my.salesforce-sites.com/ticket/#/instances/a0FPH00000ACmXl2AL', NULL, 'e46ab7a2-26d1-4038-8573-e22d32c1b799', NULL, NULL, 'https://icicle.org/userfiles/FBDO-Outdoor-Movie-with-logo.jpg', false, 'cfbc5d07-0adb-4082-a69f-f0516a62516d', false, false, '$5-8', 'approved', NULL, '2025-07-24 21:24:48.190902+00', '2025-08-28 04:18:56.863404+00', NULL, NULL, 'Wayne and Garth, two men, one wearing a hat that says Waynes World.');


--
-- Data for Name: events_staged; Type: TABLE DATA; Schema: public; Owner: postgres
--



--
-- Data for Name: scrape_logs; Type: TABLE DATA; Schema: public; Owner: postgres
--



--
-- PostgreSQL database dump complete
--

RESET ALL;
